bound,W_1,W_2,W,Var_W,L_1,L_2,L,h12,h21,heatmap_bound,arrival_rate1,arrival_rate2,service_rate1,service_rate2,num_servers,CV_W
16,1.1999752765291536,3.1840634708644076,1.861338007974238,7.3532548565866644,0.799962914793731,1.059400577868734,1.8593634926624676,0.0,0.0,16,0.6666666666666666,0.3333333333333333,1.5,1.6666666667,1,1.4568490785953956
16,1.5087432009719586,2.7711884325579845,1.9295582781673004,5.498777757523132,1.2631148014579385,0.6643000362565675,1.9274148377145066,0.0,0.2,16,0.6666666666666666,0.3333333333333333,1.5,1.6666666667,1,1.2152767340557564
16,1.6409684439112213,2.5482407700458816,1.9433925526227744,4.6462798183742455,1.461452665866833,0.47828155387433335,1.939734219741166,0.0,0.4,16,0.6666666666666666,0.3333333333333333,1.5,1.6666666667,1,1.1091547579100158
16,1.7100705335430186,2.4290771931995967,1.9497394200952112,4.329462242152039,1.5651058003145288,0.3802026733159541,1.9453084736304829,0.0,0.6000000000000001,16,0.6666666666666666,0.3333333333333333,1.5,1.6666666667,1,1.0671867041545493
16,1.7528418638343009,2.3548489090764955,1.9535108789150322,4.176323785302214,1.629262795751449,0.31935469347905154,1.9486174892305,0.0,0.8,16,0.6666666666666666,0.3333333333333333,1.5,1.6666666667,1,1.0461193774917947
16,1.782091293551229,2.303986730662096,1.9560564392548512,4.089742973805947,1.673136940326847,0.27771738528232387,1.950854325609173,0.0,1.0,16,0.6666666666666666,0.3333333333333333,1.5,1.6666666667,1,1.033871648279713
16,1.8034397202394576,2.266853622080871,1.957911020853262,4.035542736379835,1.7051595803591828,0.2473277943726603,1.9524873747318445,0.0,1.2000000000000002,16,0.6666666666666666,0.3333333333333333,1.5,1.6666666667,1,1.0260251927008337
16,1.8197525085174568,2.23849389079082,1.9593329692752444,3.99910361215054,1.7296287627761826,0.2241133614987334,1.9537421242749176,0.0,1.4000000000000001,16,0.6666666666666666,0.3333333333333333,1.5,1.6666666667,1,1.0206411681119627
16,1.8326491711677129,2.2160930791327487,1.960463807156058,3.9732787098905686,1.7489737567515713,0.20576823967116956,1.9547419964227395,0.0,1.6,16,0.6666666666666666,0.3333333333333333,1.5,1.6666666667,1,1.0167535233744207
16,1.843116745860563,2.19793108885774,1.9613881935262887,3.9542185388293105,1.7646751187908445,0.19088572212043595,1.9555608409112808,0.0,1.8,16,0.6666666666666666,0.3333333333333333,1.5,1.6666666667,1,1.0138338261695334
16,1.851792427425426,2.1828956929744603,1.9621601826084372,3.9396912108059086,1.7776886411381354,0.17855720528220795,1.9562458464203438,0.0,2.0,16,0.6666666666666666,0.3333333333333333,1.5,1.6666666667,1,1.0115716124108363
16,1.8591066683430741,2.170234867960945,1.9628160682156977,3.9283255689700756,1.788660002514609,0.16816872694932594,1.9568287294639375,0.0,2.2,16,0.6666666666666666,0.3333333333333333,1.5,1.6666666667,1,1.0097738794274618
16,1.8653611436742736,2.159421356343038,1.9633812145638614,3.919238927961167,1.7980417155114152,0.15928996534409284,1.957331680855508,0.0,2.4000000000000004,16,0.6666666666666666,0.3333333333333333,1.5,1.6666666667,1,1.0083150249138426
16,1.870773798424194,2.1500742099351275,1.963873935594505,3.9118407171020264,1.8061606976362925,0.1516100448331026,1.9577707424693962,0.0,2.6,16,0.6666666666666666,0.3333333333333333,1.5,1.6666666667,1,1.0071101551070458
16,1.8755061601334517,2.1419111341761057,1.9643078181476696,3.9057228115884195,1.813259240200179,0.14489858975421813,1.958157829954397,0.0,2.8000000000000003,16,0.6666666666666666,0.3333333333333333,1.5,1.6666666667,1,1.006100034605444
16,1.8796805790495204,2.134718368458681,1.9646931755192405,3.900595289272784,1.8195208685742807,0.13898113032302667,1.9585019988973071,0.0,3.0,16,0.6666666666666666,0.3333333333333333,1.5,1.6666666667,1,1.0052421939932792
16,1.3061637116469478,2.860625496597608,1.8243176399638346,6.756521483539222,0.6416719779772335,1.1789432540396256,1.8206152320168565,0.2,0.0,16,0.6666666666666666,0.3333333333333333,1.5,1.6666666667,1,1.4248236773617786
16,1.5381826366678581,2.659271493350864,1.9118789222288601,7.071281605924693,0.9655643034226309,0.9459908546169504,1.9115551580395809,0.2,0.2,16,0.6666666666666666,0.3333333333333333,1.5,1.6666666667,1,1.390876857828731
16,1.6524794862870353,2.504601121763122,1.9365200314457307,6.227631646214775,1.1896318644601456,0.7468966363762286,1.9365285008363744,0.2,0.4,16,0.6666666666666666,0.3333333333333333,1.5,1.6666666667,1,1.2886633129506215
16,1.7156359544141426,2.408195463058793,1.9464891239623594,5.728989123631528,1.331705575165801,0.6147442031739713,1.9464497783397716,0.2,0.6000000000000001,16,0.6666666666666666,0.3333333333333333,1.5,1.6666666667,1,1.2296655820509639
16,1.7555515237749137,2.343762957921641,1.9516220018238228,5.431593137793561,1.4278865509758538,0.5235848377119556,1.9514713886878081,0.2,0.8,16,0.6666666666666666,0.3333333333333333,1.5,1.6666666667,1,1.1941748211135768
16,1.783122758012539,2.2978332073377197,1.9546929077875992,5.240564870250514,1.497008137649395,0.4574024021046276,1.9544105397540237,0.2,1.0,16,0.6666666666666666,0.3333333333333333,1.5,1.6666666667,1,1.1711445815165595
16,1.8033576820307249,2.2634509153667635,1.9567220931427376,5.109713567577921,1.5490242537595345,0.4072823752771907,1.9563066290367257,0.2,1.2000000000000002,16,0.6666666666666666,0.3333333333333333,1.5,1.6666666667,1,1.1552317843211475
16,1.818870899906962,2.2367373970895748,1.9581597323011661,5.015421810451571,1.5895801007357453,0.36803785803014194,1.9576179587658864,0.2,1.4000000000000001,16,0.6666666666666666,0.3333333333333333,1.5,1.6666666667,1,1.1436828708382012
16,1.8311612104079025,2.2153727172911646,1.959231712702323,4.9447075597135575,1.6220928863837334,0.3364804486566881,1.9585733350404224,0.2,1.6,16,0.6666666666666666,0.3333333333333333,1.5,1.6666666667,1,1.1349703182733186
16,1.8411504320428618,2.1978872180480242,1.9600626940445824,4.889955975138543,1.6487463197649341,0.3105516709732579,1.959297990738193,0.2,1.8,16,0.6666666666666666,0.3333333333333333,1.5,1.6666666667,1,1.1281906905737118
16,1.8494373670083677,2.1833053402502656,1.9607266914223336,4.8464497863614415,1.670999391587787,0.2888661182821504,1.959865509869937,0.2,2.0,16,0.6666666666666666,0.3333333333333333,1.5,1.6666666667,1,1.1227803355465236
16,1.8564283254079126,2.1709541573277185,1.9612702693811812,4.811130560313944,1.6898634820709746,0.27045815858161504,1.960321640652591,0.2,2.2,16,0.6666666666666666,0.3333333333333333,1.5,1.6666666667,1,1.1183715903980975
16,1.8624089884994401,2.1603544118540254,1.961724129617635,4.781938126102172,1.706061660960441,0.25463450469186105,1.9606961656523039,0.2,2.4000000000000004,16,0.6666666666666666,0.3333333333333333,1.5,1.6666666667,1,1.1147155056587839
16,1.8675862505202867,2.151155442188836,1.962109314409803,4.757439084889183,1.720124578365112,0.24088465175543883,1.9610092301205506,0.2,2.6,16,0.6666666666666666,0.3333333333333333,1.5,1.6666666667,1,1.1116380882504573
16,1.8721137351791999,2.1430946956538306,1.9624407220040765,4.736608110340699,1.7324505041153087,0.22882440402976714,1.961274908145077,0.2,2.8000000000000003,16,0.6666666666666666,0.3333333333333333,1.5,1.6666666667,1,1.1090143863402613
16,1.8761079744741327,2.1359716389252044,1.9627291959578232,4.718694008477119,1.7433442160769055,0.21815909194081276,1.9615033080177178,0.2,3.0,16,0.6666666666666666,0.3333333333333333,1.5,1.6666666667,1,1.106752534306798
16,1.3427896257816063,2.731987074260471,1.8058554419412278,6.423810921058801,0.5739518605631951,1.2278087537808577,1.8017606143440503,0.4,0.0,16,0.6666666666666666,0.3333333333333333,1.5,1.6666666667,1,1.4035031524211465
16,1.5485244452001217,2.5892950089745916,1.8954479664582782,7.367264124962075,0.8286181834936335,1.0648890476895971,1.8935072311832326,0.4,0.2,16,0.6666666666666666,0.3333333333333333,1.5,1.6666666667,1,1.4319941813746597
16,1.654875207252593,2.470209249275698,1.9266532212602945,6.808835029944449,1.0323439582929756,0.8940575944651433,1.9264015527581204,0.4,0.4,16,0.6666666666666666,0.3333333333333333,1.5,1.6666666667,1,1.35435605279226
16,1.7162942467327231,2.389989547280418,1.9408593469152877,6.36455051769802,1.177832767166007,0.7631099746607836,1.9409427418267915,0.4,0.6000000000000001,16,0.6666666666666666,0.3333333333333333,1.5,1.6666666667,1,1.2998397251668419
16,1.7557404184411003,2.333774220088592,1.9484183523235974,6.059822126856712,1.2838945823319743,0.6647380533796513,1.9486326357116266,0.4,0.8,16,0.6666666666666666,0.3333333333333333,1.5,1.6666666667,1,1.2634199394625991
16,1.783124050403794,2.2924306500021525,1.95289291693658,5.8460572236532915,1.3639447836471388,0.5892461414281381,1.9531909250752773,0.4,1.0,16,0.6666666666666666,0.3333333333333333,1.5,1.6666666667,1,1.2380925228635236
16,1.8032354469523981,2.260796826363279,1.9557559067560248,5.6904505102065865,1.4262938624815498,0.5298158204956671,1.9561096829772167,0.4,1.2000000000000002,16,0.6666666666666666,0.3333333333333333,1.5,1.6666666667,1,1.2197158705324496
16,1.8186373137871943,2.235820070629403,1.957698232734597,5.573184936687108,1.4761523806834451,0.48193421495711397,1.9580865956405584,0.4,1.4000000000000001,16,0.6666666666666666,0.3333333333333333,1.5,1.6666666667,1,1.2058852374851228
16,1.8308171224171972,2.2155974269158243,1.9590772239167393,5.482146723532573,1.5169022299835915,0.44258218351425227,1.9594844134978453,0.4,1.6,16,0.6666666666666666,0.3333333333333333,1.5,1.6666666667,1,1.1951537316069738
16,1.8406956510186354,2.1988858083010396,1.9600923701127702,5.409679854028027,1.5508184220465133,0.4096885994901205,1.9605070215366354,0.4,1.8,16,0.6666666666666666,0.3333333333333333,1.5,1.6666666667,1,1.1866133880305962
16,1.84887293032702,2.1848402675827154,1.960862042745585,5.350769082862369,1.5794820096350866,0.3817941298433019,1.9612761394783895,0.4,2.0,16,0.6666666666666666,0.3333333333333333,1.5,1.6666666667,1,1.1796714386847675
16,1.8557566322489658,2.172866892449805,1.9614600523159123,5.30201750391822,1.6040236608681193,0.35784437713066275,1.9618680379987827,0.4,2.2,16,0.6666666666666666,0.3333333333333333,1.5,1.6666666667,1,1.1739270530059605
16,1.8616334475656737,2.1625361726907513,1.9619343559406994,5.261054662584745,1.625272378586833,0.33706007174604524,1.962332450332878,0.4,2.4000000000000004,16,0.6666666666666666,0.3333333333333333,1.5,1.6666666667,1,1.169100738328089
16,1.8667108997767419,2.153529834940747,1.962317211498077,5.2261822770258775,1.6438493576880013,0.3188535487947142,1.9627029064827166,0.4,2.6,16,0.6666666666666666,0.3333333333333333,1.5,1.6666666667,1,1.1649923226388073
16,1.8711429415698129,2.145607022004592,1.9626309683814058,5.196155114161308,1.6602290382567664,0.302773625600808,1.9630026638575748,0.4,2.8000000000000003,16,0.6666666666666666,0.3333333333333333,1.5,1.6666666667,1,1.1614550488793884
16,1.8750462212744505,2.138582092614786,1.9628915117212289,5.170041270760144,1.6747799158358676,0.2884683386892057,1.9632482545250756,0.4,3.0,16,0.6666666666666666,0.3333333333333333,1.5,1.6666666667,1,1.158379086166737
16,1.362807820035494,2.6555769803795664,1.793730873483518,6.200278255790401,0.5324124840547148,1.2570693425270485,1.7894818265817596,0.6000000000000001,0.0,16,0.6666666666666666,0.3333333333333333,1.5,1.6666666667,1,1.3881880670551048
16,1.5538983021093737,2.540866784748075,1.882887796322274,7.422792289883397,0.7469113617337078,1.1323801456751248,1.8792915074088303,0.6000000000000001,0.2,16,0.6666666666666666,0.3333333333333333,1.5,1.6666666667,1,1.4469689550372706
16,1.6546747983211718,2.4430951860123935,1.9174815942182457,7.079242631253898,0.92929841818241,0.9871206026755351,1.916419020857945,0.6000000000000001,0.4,16,0.6666666666666666,0.3333333333333333,1.5,1.6666666667,1,1.387593302091684
16,1.7147351034683034,2.374002846601415,1.934491017846007,6.706339558157296,1.0690101335257112,0.8652544030939401,1.934264536619652,0.6000000000000001,0.6000000000000001,16,0.6666666666666666,0.3333333333333333,1.5,1.6666666667,1,1.3386777711408533
16,1.7540858505791936,2.3241405090203187,1.9441040700595686,6.4265730336071805,1.17627053605684,0.7679091178282794,1.94417965388512,0.6000000000000001,0.8,16,0.6666666666666666,0.3333333333333333,1.5,1.6666666667,1,1.303977849639914
16,1.781677077197442,2.2866834684515855,1.9500125409488231,6.218715746167515,1.2603451028168304,0.6899057068989994,1.9502508097158304,0.6000000000000001,1.0,16,0.6666666666666666,0.3333333333333333,1.5,1.6666666667,1,1.2788303908685383
16,1.802024858318985,2.2575506822196205,1.9538667996191967,6.060535614100694,1.3277207142197112,0.6265082542234175,1.9542289684431284,0.6000000000000001,1.2000000000000002,16,0.6666666666666666,0.3333333333333333,1.5,1.6666666667,1,1.2599710032802651
16,1.8176241648211249,2.234249001068441,1.956499110236897,5.937079913359302,1.3828021362144207,0.5741644109256439,1.956966547140065,0.6000000000000001,1.4000000000000001,16,0.6666666666666666,0.3333333333333333,1.5,1.6666666667,1,1.2453940673771084
16,1.829952998332232,2.215184597359218,1.958363531341227,5.838510031002789,1.4286181898758217,0.5303032378489955,1.9589214277248168,0.6000000000000001,1.6,16,0.6666666666666666,0.3333333333333333,1.5,1.6666666667,1,1.2338367517596571
16,1.8399378932513444,2.199294457600115,1.9597234147009346,5.758230920714118,1.4672984748611622,0.493060030214499,1.9603585050756624,0.6000000000000001,1.8,16,0.6666666666666666,0.3333333333333333,1.5,1.6666666667,1,1.2244745332485125
16,1.8481874061211525,2.1858434252017913,1.9607394124813653,5.691714138168292,1.500375733318779,0.4610642196838821,1.9614399530026603,0.6000000000000001,2.0,16,0.6666666666666666,0.3333333333333333,1.5,1.6666666667,1,1.2167508584687494
16,1.8551170269613633,2.174307188543608,1.961513747488778,5.635773562033236,1.528977693474396,0.43329190150623453,1.96226959498063,0.6000000000000001,2.2,16,0.6666666666666666,0.3333333333333333,1.5,1.6666666667,1,1.210278759437349
16,1.8610197980218712,2.1643018515745807,1.9621138158727742,5.5881150873246614,1.5539508928841856,0.40896547002390526,1.9629163629080908,0.6000000000000001,2.4000000000000004,16,0.6666666666666666,0.3333333333333333,1.5,1.6666666667,1,1.204782013264074
16,1.8661081754762288,2.1555398989560564,1.9625854166361711,5.547051381973816,1.5759423494880893,0.38748508524271114,1.9634274347307994,0.6000000000000001,2.6,16,0.6666666666666666,0.3333333333333333,1.5,1.6666666667,1,1.2000588027648267
16,1.8705398743051227,2.1478017306035784,1.9629604930712745,5.511317225533556,1.5954546385992936,0.36838130562689775,1.9638359442261923,0.6000000000000001,2.8000000000000003,16,0.6666666666666666,0.3333333333333333,1.5,1.6666666667,1,1.1959585986842793
16,1.8744343942110033,2.140916714403976,1.9632618342753274,5.479947259704162,1.6128838332485598,0.3512818521538538,1.9641656854024132,0.6000000000000001,3.0,16,0.6666666666666666,0.3333333333333333,1.5,1.6666666667,1,1.1923670477768913
16,1.3756452539730533,2.6034450469088033,1.7849118516183031,6.03603981480757,0.503410834847244,1.2771838387905543,1.7805946736377987,0.8,0.0,16,0.6666666666666666,0.3333333333333333,1.5,1.6666666667,1,1.3764463062434615
16,1.5569493275142805,2.5047166035612944,1.872871752863285,7.401064087670716,0.6913477213804372,1.1766618454054973,1.8680095667859329,0.8,0.2,16,0.6666666666666666,0.3333333333333333,1.5,1.6666666667,1,1.452576597282289
16,1.6537405077636924,2.421352693464186,1.9096112363305235,7.223977628619185,0.8560145406931159,1.0515245024946314,1.907539043187745,0.8,0.4,16,0.6666666666666666,0.3333333333333333,1.5,1.6666666667,1,1.4074832486870144
16,1.7125535882440486,2.360299501176504,1.928468892554867,6.9141724599017556,0.9878279917168694,0.939867094012273,1.9276950857291444,0.8,0.6000000000000001,16,0.6666666666666666,0.3333333333333333,1.5,1.6666666667,1,1.3635072960093781
16,1.7517164941481074,2.3152744927689795,1.9395691603550647,6.66101808645178,1.09280861188683,0.8465479276136092,1.939356539500439,0.8,0.8,16,0.6666666666666666,0.3333333333333333,1.5,1.6666666667,1,1.330653670708044
16,1.779495769467503,2.280957292378836,1.9466496104379472,6.465850163992333,1.1775069897181119,0.7692001029203629,1.9467070926384762,0.8,1.0,16,0.6666666666666666,0.3333333333333333,1.5,1.6666666667,1,1.3062461726425176
16,1.8001298021981427,2.253962813627648,1.9514074726746444,6.313280873700282,1.246951187715586,0.7046805611373085,1.9516317488528976,0.8,1.2000000000000002,16,0.6666666666666666,0.3333333333333333,1.5,1.6666666667,1,1.2875959200388547
16,1.816009688645467,2.232165185551498,1.954728187614144,6.191318325896467,1.3047787190212554,0.6503050006361991,1.9550837196574562,0.8,1.4000000000000001,16,0.6666666666666666,0.3333333333333333,1.5,1.6666666667,1,1.272931961867756
16,1.8285814344591689,2.2141856435486877,1.9571161708223417,6.091847295094979,1.353610718455051,0.6039770365923659,1.9575877550474177,0.8,1.6,16,0.6666666666666666,0.3333333333333333,1.5,1.6666666667,1,1.2611243139997566
16,1.8387663521629762,2.199094427363565,1.9588757105631722,6.009321869830837,1.395358809257691,0.5640944231989257,1.9594532324566152,0.8,1.8,16,0.6666666666666666,0.3333333333333333,1.5,1.6666666667,1,1.251427954194697
16,1.8471766519637016,2.1862419967282736,1.960198433551892,5.939842175696203,1.4314403092615784,0.5294325737374693,1.9608728829990492,0.8,2.0,16,0.6666666666666666,0.3333333333333333,1.5,1.6666666667,1,1.2433328694745562
16,1.854233753780014,2.175160718695166,1.9612094087517313,5.880594609317335,1.4629240631707945,0.4990481011976363,1.96197216436843,0.8,2.2,16,0.6666666666666666,0.3333333333333333,1.5,1.6666666667,1,1.2364787375842872
16,1.8602366032384836,2.165505231113057,1.9619928125300081,5.829504756118278,1.4906292943501755,0.4722063974506404,1.9628356918008139,0.8,2.4000000000000004,16,0.6666666666666666,0.3333333333333333,1.5,1.6666666667,1,1.2306042720457786
16,1.8654028204457804,2.1570148461968772,1.9626068290294794,5.785013939006743,1.5151934005950332,0.4483288269261749,1.9635222275212094,0.8,2.6,16,0.6666666666666666,0.3333333333333333,1.5,1.6666666667,1,1.2255157560146492
16,1.8698944117247094,2.149489038919251,1.9630926207895565,5.745930995798388,1.5371191726438507,0.42695442342646067,1.964073596070312,0.8,2.8000000000000003,16,0.6666666666666666,0.3333333333333333,1.5,1.6666666667,1,1.2210667698964233
16,1.8738343624127187,2.1427709953339216,1.9634799067197863,5.711331603936201,1.5568082195718917,0.4077119803393137,1.9645201999112052,0.8,3.0,16,0.6666666666666666,0.3333333333333333,1.5,1.6666666667,1,1.2171447408756007
16,1.3846270447282376,2.565109550244596,1.7781212132336903,5.908844288416589,0.48167882284791314,1.292096008232332,1.7737748310802475,1.0,0.0,16,0.6666666666666666,0.3333333333333333,1.5,1.6666666667,1,1.3670673452432716
16,1.5587142907540674,2.4764067113914443,1.8646117642998596,7.35033021652546,0.6505551451831334,1.2082870083520585,1.8588421535351916,1.0,0.2,16,0.6666666666666666,0.3333333333333333,1.5,1.6666666667,1,1.4540020044222766
16,1.6525374841672842,2.4034586943633687,1.9028445542326455,7.30507352565715,0.8008773963161001,1.0988922415443747,1.8997696378604738,1.0,0.4,16,0.6666666666666666,0.3333333333333333,1.5,1.6666666667,1,1.4203945068332513
16,1.7102861304937214,2.348550222061005,1.923040827682816,7.051590725738605,0.9247888059633336,0.9967947871573201,1.9215835931206544,1.0,0.6000000000000001,16,0.6666666666666666,0.3333333333333333,1.5,1.6666666667,1,1.380877153170545
16,1.7491905675755532,2.3073166868253527,1.9352326073254862,6.822909900945437,1.0261451830148496,0.9084553361148708,1.9346005191297186,1.0,0.8,16,0.6666666666666666,0.3333333333333333,1.5,1.6666666667,1,1.3497447446201964
16,1.7770565959960956,2.2755226523623717,1.9432119481181875,6.640097548125784,1.1097662429221045,0.8332421382462949,1.9430083811683996,1.0,1.0,16,0.6666666666666666,0.3333333333333333,1.5,1.6666666667,1,1.3260718553002948
16,1.7979148948708863,2.250306121583381,1.9487119704417177,6.494677758930333,1.1796016364271407,0.769149757937047,1.9487513943641888,1.0,1.2000000000000002,16,0.6666666666666666,0.3333333333333333,1.5,1.6666666667,1,1.3077693391083751
16,1.8140556564559918,2.229807266747913,1.9526395265532988,6.376873468942945,1.2386506850031231,0.7141912588365318,1.9528419438396543,1.0,1.4000000000000001,16,0.6666666666666666,0.3333333333333333,1.5,1.6666666667,1,1.293248024088097
16,1.826878831807605,2.21279871388878,1.95551879250133,6.279517204003204,1.2891585422943794,0.6666928622615355,1.9558514045559154,1.0,1.6,16,0.6666666666666666,0.3333333333333333,1.5,1.6666666667,1,1.2814484303080096
16,1.8372881578500952,2.1984460170866336,1.9576741109289413,6.19768168286089,1.3328131645011052,0.6253093731162565,1.9581225376173637,1.0,1.8,16,0.6666666666666666,0.3333333333333333,1.5,1.6666666667,1,1.2716694432896256
16,1.8458916247276658,2.1861633149533404,1.959315521469557,6.127923209770176,1.3708976705003426,0.5889739487743479,1.9598716192746906,1.0,2.0,16,0.6666666666666666,0.3333333333333333,1.5,1.6666666667,1,1.2634331806885217
16,1.8531119916842957,2.175526909710384,1.9605836310263252,6.067756842551896,1.404400273020644,0.5568407458687508,1.9612410188893952,1.0,2.2,16,0.6666666666666666,0.3333333333333333,1.5,1.6666666667,1,1.2564022687646694
16,1.8592514979665338,2.166222418022162,1.9615751379850763,6.0153373118246005,1.4340921915470928,0.528235614578293,1.962327806125386,1.0,2.4000000000000004,16,0.6666666666666666,0.3333333333333333,1.5,1.6666666667,1,1.2503311307378475
16,1.8645314671245956,2.1580113999454693,1.96235811139822,5.969262744789129,1.4605829587199857,0.5026171626364961,1.9632001213564831,1.0,2.6,16,0.6666666666666666,0.3333333333333333,1.5,1.6666666667,1,1.2450364979201936
16,1.8691174061118008,2.1507095790738378,1.962981463765813,5.92844840784915,1.484360041727708,0.47954693666136106,1.9639069783890708,1.0,2.8000000000000003,16,0.6666666666666666,0.3333333333333333,1.5,1.6666666667,1,1.240378768325054
16,1.8731353899092889,2.1441721943650247,1.963480991394534,5.892041963585202,1.5058175691080804,0.4586668015523981,1.9644843706604769,1.0,3.0,16,0.6666666666666666,0.3333333333333333,1.5,1.6666666667,1,1.2362497433407862
16,1.3912739092480875,2.5355333314583306,1.7726937166515018,5.806797014961132,0.46463817682963615,1.3036995403558091,1.768337717185441,1.2000000000000002,0.0,16,0.6666666666666666,0.3333333333333333,1.5,1.6666666667,1,1.3593604091644953
16,1.5597173386642453,2.453502270987674,1.8576456494387212,7.289294975524479,0.6190669023888563,1.2321685003516267,1.8512354027404836,1.2000000000000002,0.2,16,0.6666666666666666,0.3333333333333333,1.5,1.6666666667,1,1.4533823700827366
16,1.6512246677370561,2.3883992023712253,1.8969495126151124,7.34967978058604,0.7576824451056824,1.1352792526456104,1.8929616977512942,1.2000000000000002,0.4,16,0.6666666666666666,0.3333333333333333,1.5,1.6666666667,1,1.4291520498136128
16,1.7080870942292403,2.338373519440097,1.9181825692995258,7.1467693093553,0.8743041621319224,1.0416920601824413,1.9159962223143634,1.2000000000000002,0.6000000000000001,16,0.6666666666666666,0.3333333333333333,1.5,1.6666666667,1,1.3936860135507352
16,1.7467232282737801,2.3002165365404257,1.931220997695995,6.941129267058779,0.9716195732889016,0.9584582703853075,1.9300778436742083,1.2000000000000002,0.8,16,0.6666666666666666,0.3333333333333333,1.5,1.6666666667,1,1.3642158514460865
16,1.7746045527184093,2.2704918307659447,1.9399003120675877,6.769714218523863,1.0533245291825348,0.8860288140154788,1.9393533431980117,1.2000000000000002,1.0,16,0.6666666666666666,0.3333333333333333,1.5,1.6666666667,1,1.341237707996969
16,1.7956117449969136,2.2467527699858643,1.945992086659897,6.630879987437387,1.1225900896422298,0.8232049112866593,1.9457950009288905,1.2000000000000002,1.2000000000000002,16,0.6666666666666666,0.3333333333333333,1.5,1.6666666667,1,1.3232579563401936
16,1.8119583479428785,2.227356300349748,1.9504243320785015,6.517435926454108,1.181910321937973,0.7685373222389669,1.9504476441769412,1.2000000000000002,1.4000000000000001,16,0.6666666666666666,0.3333333333333333,1.5,1.6666666667,1,1.3089084725054925
16,1.8250017148220656,2.2111939626874264,1.9537324641105192,6.423062708468538,1.2332085162038635,0.7207038235794689,1.9539123397833342,1.2000000000000002,1.6,16,0.6666666666666666,0.3333333333333333,1.5,1.6666666667,1,1.297197156552351
16,1.8356229897881993,2.197502636838009,1.9562495388048025,6.343160983579502,1.2779674539354757,0.6785885804387466,1.9565560343742208,1.2000000000000002,1.8,16,0.6666666666666666,0.3333333333333333,1.5,1.6666666667,1,1.2874447905041562
16,1.8444198626624657,2.185743421681556,1.9581943823354955,6.274504012050456,1.3173383745131182,0.6412749607582011,1.9586133352713204,1.2000000000000002,2.0,16,0.6666666666666666,0.3333333333333333,1.5,1.6666666667,1,1.2791865970135394
16,1.8518117116907868,2.1755255727632945,1.9597163320482893,6.2147948468086565,1.35222402343839,0.6080161601464876,1.960240183584877,1.2000000000000002,2.2,16,0.6666666666666666,0.3333333333333333,1.5,1.6666666667,1,1.2720968771585242
16,1.858100874230435,2.1665586512773323,1.9609201332460673,6.162348951962369,1.3833399825874124,0.5782037738966946,1.961543756484107,1.2000000000000002,2.4000000000000004,16,0.6666666666666666,0.3333333333333333,1.5,1.6666666667,1,1.2659403368173467
16,1.8635103092572072,2.1586219589373212,1.9618808591505785,6.115893982608391,1.4112596006625313,0.5513402538847743,1.9625998545473027,1.2000000000000002,2.6,16,0.6666666666666666,0.3333333333333333,1.5,1.6666666667,1,1.2605420686048268
16,1.8682076999027006,2.1515445459593647,1.962653315254922,6.074445195864863,1.4364470032428043,0.5270164060713685,1.963463409314171,1.2000000000000002,2.8000000000000003,16,0.6666666666666666,0.3333333333333333,1.5,1.6666666667,1,1.2557688815265722
16,1.8723213631368338,2.145191780444106,1.9632781689059244,6.037225568807703,1.459281535435371,0.5048935287409547,1.964175064176327,1.2000000000000002,3.0,16,0.6666666666666666,0.3333333333333333,1.5,1.6666666667,1,1.2515173191189963
16,1.3963919627556847,2.5119303794032297,1.7682381016381996,5.722799252820221,0.45084286958969466,1.3130400347443083,1.763882904334002,1.4000000000000001,0.0,16,0.6666666666666666,0.3333333333333333,1.5,1.6666666667,1,1.3528931923957639
16,1.5602502272318381,2.434524088353104,1.8516748476055933,7.226066796687617,0.5938840973441084,1.2509289479180041,1.844813045262113,1.4000000000000001,0.2,16,0.6666666666666666,0.3333333333333333,1.5,1.6666666667,1,1.4517313603424395
16,1.6498743802093252,2.3754982629878034,1.8917490078021513,7.371820591464633,0.7228052764822976,1.1641583168256553,1.8869635933079547,1.4000000000000001,0.4,16,0.6666666666666666,0.3333333333333333,1.5,1.6666666667,1,1.4352377994856182
16,1.705997378223999,2.3294563400990995,1.9138170321823658,7.214365782223562,0.8328797437446145,1.078029692141067,1.910909435885682,1.4000000000000001,0.6000000000000001,16,0.6666666666666666,0.3333333333333333,1.5,1.6666666667,1,1.4034555547151228
16,1.74438274685196,2.293863202081603,1.9275428985951741,7.030594245696477,0.9261473246484168,0.9996946160844855,1.9258419407329015,1.4000000000000001,0.8,16,0.6666666666666666,0.3333333333333333,1.5,1.6666666667,1,1.3755993593095233
16,1.7722432031373325,2.2658777863516844,1.936788064208783,6.870111241545713,1.005552377877093,0.9302812040440753,1.9358335819211696,1.4000000000000001,1.0,16,0.6666666666666666,0.3333333333333333,1.5,1.6666666667,1,1.3533177704962476
16,1.7933444350187744,2.2433859704088857,1.9433582801488112,6.737284778892532,1.0737014318812972,0.8691672994410196,1.942868731322317,1.4000000000000001,1.2000000000000002,16,0.6666666666666666,0.3333333333333333,1.5,1.6666666667,1,1.3356404935417385
16,1.8098429256239263,2.2249268798136055,1.9482042436871527,6.627700001038715,1.1326963940050916,0.815315680912234,1.9480120749173258,1.4000000000000001,1.4000000000000001,16,0.6666666666666666,0.3333333333333333,1.5,1.6666666667,1,1.3214384399007635
16,1.8230636143487289,2.209494105926535,1.9518737782079976,6.536152561887638,1.1841943594364788,0.7676887318367988,1.9518830912732787,1.4000000000000001,1.6,16,0.6666666666666666,0.3333333333333333,1.5,1.6666666667,1,1.3098131932037322
16,1.833867629289444,2.1963839225485713,1.954706393709153,6.458408028656017,1.2294986791493367,0.7253663867808172,1.954865065930152,1.4000000000000001,1.8,16,0.6666666666666666,0.3333333333333333,1.5,1.6666666667,1,1.3001133151944801
16,1.8428407239768416,2.1850944928917273,1.9569253136151368,6.3913552751205875,1.269639358136449,0.6875668838966729,1.957206242033121,1.4000000000000001,2.0,16,0.6666666666666666,0.3333333333333333,1.5,1.6666666667,1,1.2918801598748795
16,1.850395999489708,2.175260198350144,1.9586840657765197,6.3327642036037854,1.3054366600736935,0.653636686416417,1.95907334649011,1.4000000000000001,2.2,16,0.6666666666666666,0.3333333333333333,1.5,1.6666666667,1,1.2847903575884694
16,1.8568332009183668,2.166608795012979,1.9600917322832374,6.281019356055877,1.3375496415318497,0.6230322302917526,1.9605818718236012,1.4000000000000001,2.4000000000000004,16,0.6666666666666666,0.3333333333333333,1.5,1.6666666667,1,1.278611685041459
16,1.8623748546074321,2.1589332979563913,1.961227669057085,6.234920805358277,1.3665127123193856,0.5953012999027247,1.9618140122221122,1.4000000000000001,2.6,16,0.6666666666666666,0.3333333333333333,1.5,1.6666666667,1,1.27317311458162
16,1.8671893450776251,2.1520733172447426,1.9621506691333308,6.193552205490267,1.3927631206746434,0.5700665439518101,1.962829664626456,1.4000000000000001,2.8000000000000003,16,0.6666666666666666,0.3333333333333333,1.5,1.6666666667,1,1.2683454301719088
16,1.8714062076647844,2.1459024532610242,1.9629049561968643,6.156196178123691,1.416661696895498,0.5470116889520888,1.963673385847588,1.4000000000000001,3.0,16,0.6666666666666666,0.3333333333333333,1.5,1.6666666667,1,1.2640287555825644
16,1.400452070453333,2.4926112480156717,1.7645051296407792,5.652286178598815,0.4394055169378348,1.3207508897960027,1.76015640673384,1.6,0.0,16,0.6666666666666666,0.3333333333333333,1.5,1.6666666667,1,1.3473770506579474
16,1.5604849117294606,2.4185072332882753,1.8464923522490653,7.164293252968646,0.573204899551268,1.2661071118318303,1.8393120113830987,1.6,0.2,16,0.6666666666666666,0.3333333333333333,1.5,1.6666666667,1,1.4495699050974407
16,1.6485258652790324,2.364289727225214,1.8871138192610928,7.379542240019433,0.6939779445167182,1.1876680630848355,1.881646007601555,1.6,0.4,16,0.6666666666666666,0.3333333333333333,1.5,1.6666666667,1,1.4395163982793904
16,1.7040232538426143,2.3215592788805557,1.9098685955219281,7.262926951718688,0.7982199452352194,1.1080564373532744,1.9062763825884927,1.6,0.6000000000000001,16,0.6666666666666666,0.3333333333333333,1.5,1.6666666667,1,1.4110823202610807
16,1.7421838305190922,2.288145149764936,1.9241709369343734,7.0998860194283075,0.8876095515557297,1.0342883045245963,1.9218978560803273,1.6,0.8,16,0.6666666666666666,0.3333333333333333,1.5,1.6666666667,1,1.3847840020809585
16,1.7700078535866695,2.261651367107904,1.9338890247604141,6.950076521386821,0.9645751212360661,0.9679122212526572,1.9324873424887237,1.6,1.0,16,0.6666666666666666,0.3333333333333333,1.5,1.6666666667,1,1.3632115103852525
16,1.7911690079620992,2.240232480649773,1.9408568321913238,6.823020173019545,1.0313073390495033,0.9087207967424424,1.9400281357919456,1.6,1.2000000000000002,16,0.6666666666666666,0.3333333333333333,1.5,1.6666666667,1,1.3458443230446095
16,1.8077787922079909,2.222580750451968,1.9460461116226497,6.716895358130628,1.0896041971093342,0.8559940765094074,1.9455982736187414,1.6,1.4000000000000001,16,0.6666666666666666,0.3333333333333333,1.5,1.6666666667,1,1.331775939893437
16,1.8211377488142706,2.207778848106655,1.950018115245065,6.62777167464612,1.1409062196806898,0.8089236117790958,1.9498298314597842,1.6,1.6,16,0.6666666666666666,0.3333333333333333,1.5,1.6666666667,1,1.3202164002978216
16,1.832091859443404,2.1951758921503597,1.9531198703457224,6.55194789924948,1.1863638174612683,0.7667532536215798,1.9531170710828474,1.6,1.8,16,0.6666666666666666,0.3333333333333333,1.5,1.6666666667,1,1.3105582215394807
16,1.841216680181329,2.184302280321702,1.9555785468947866,6.4864834955221236,1.2268992326667991,0.7288186422944755,1.9557178749612747,1.6,2.0,16,0.6666666666666666,0.3333333333333333,1.5,1.6666666667,1,1.302355037963065
16,1.8489186267339714,2.174813150416761,1.9575501346282347,6.429185972613361,1.2632565792911814,0.6945505851419983,1.9578071644331791,1.6,2.2,16,0.6666666666666666,0.3333333333333333,1.5,1.6666666667,1,1.2952842975285201
16,1.855493499333693,2.1664506181196517,1.9591458722623458,6.378450512296931,1.296040792033092,0.6634663353111686,1.9595071273442606,1.6,2.4000000000000004,16,0.6666666666666666,0.3333333333333333,1.5,1.6666666667,1,1.2891125062030426
16,1.8611618906864358,2.159018305146672,1.960447362173181,6.333094587956989,1.3257475738660924,0.6351577212853207,1.96090529515141,1.6,2.6,16,0.6666666666666666,0.3333333333333333,1.5,1.6666666667,1,1.2836682548265395
16,1.8660915881198763,2.1523640165391753,1.9615157309263092,6.292229418346378,1.3527863496129409,0.6092794368104649,1.9620657864234055,1.6,2.8000000000000003,16,0.6666666666666666,0.3333333333333333,1.5,1.6666666667,1,1.2788231190424895
16,1.8704123336168264,2.1463678486927726,1.9623975053088083,6.255170475916057,1.3774978879094821,0.5855386223338067,1.9630365102432876,1.6,3.0,16,0.6666666666666666,0.3333333333333333,1.5,1.6666666667,1,1.2744787305503078
16,1.4037490103819816,2.4764822051374704,1.7613267419671446,5.59215912612658,0.42974537736558244,1.3272421819666467,1.7569875593322284,1.8,0.0,16,0.6666666666666666,0.3333333333333333,1.5,1.6666666667,1,1.3426098574467809
16,1.5605270368267505,2.4047888895403515,1.8419476543979507,7.105574954041861,0.5558722435082717,1.2786706547040274,1.8345428982122967,1.8,0.2,16,0.6666666666666666,0.3333333333333333,1.5,1.6666666667,1,1.4471792554694287
16,1.647202181478777,2.3544401935226453,1.8829481854933996,7.377793833294709,0.6697030811107477,1.2071996667298615,1.8769027478406095,1.8,0.4,16,0.6666666666666666,0.3333333333333333,1.5,1.6666666667,1,1.442530113905124
16,1.702160348032318,2.314500756608834,1.906273817557823,7.297829892754879,0.7687533393928556,1.1332943579463721,1.9020476973392284,1.8,0.6000000000000001,16,0.6666666666666666,0.3333333333333333,1.5,1.6666666667,1,1.4171361774608282
16,1.7401223584008476,2.282966024073607,1.921070246958434,7.154395444683542,0.8545041829905962,1.0637274956609069,1.918231678651505,1.8,0.8,16,0.6666666666666666,0.3333333333333333,1.5,1.6666666667,1,1.392333346965169
16,1.7679050335959101,2.2577716916919734,1.931193919627931,7.015019427185285,0.9290219214802642,1.0003036686296523,1.9293255901099164,1.8,1.0,16,0.6666666666666666,0.3333333333333333,1.5,1.6666666667,1,1.3714770785955819
16,1.789105639676261,2.2372908431885206,1.9385007075136806,6.893671257623676,0.9941855821210351,0.9431148448451774,1.9373004269662135,1.8,1.2000000000000002,16,0.6666666666666666,0.3333333333333333,1.5,1.6666666667,1,1.3544385953822917
16,1.8057989020333065,2.2203451667238356,1.9439809902634828,6.790840952757932,1.0515557044683335,0.8916866173524522,1.9432423218207864,1.8,1.4000000000000001,16,0.6666666666666666,0.3333333333333333,1.5,1.6666666667,1,1.3405090976914378
16,1.8192659034739755,2.2060947265772137,1.9482088445083883,6.703846168587412,1.102397301463018,0.8453955831608981,1.9477928846239196,1.8,1.6,16,0.6666666666666666,0.3333333333333333,1.5,1.6666666667,1,1.3290046773443134
16,1.8303412359678668,2.193936052693652,1.951539508209795,6.629627180710507,1.1477321925102788,0.803622195858106,1.9513543883683864,1.8,1.8,16,0.6666666666666666,0.3333333333333333,1.5,1.6666666667,1,1.3193718244289154
16,1.8395928185172938,2.1834289963036335,1.954204877779407,6.565519323161235,1.1883887217288929,0.765802844025336,1.954191565754227,1.8,2.0,16,0.6666666666666666,0.3333333333333333,1.5,1.6666666667,1,1.3111864392499453
16,1.8474215307459072,2.1742473563368376,1.9563634726095507,6.509414716595241,1.2250424449216908,0.7314428980658954,1.9564853429875846,1.8,2.2,16,0.6666666666666666,0.3333333333333333,1.5,1.6666666667,1,1.3041316208625267
16,1.8541192447219206,2.1661455771679337,1.9581280222039248,6.459716508967266,1.2582480932807742,0.700114994351149,1.9583630876319247,1.8,2.4000000000000004,16,0.6666666666666666,0.3333333333333333,1.5,1.6666666667,1,1.2979729654896472
16,1.8599040056966645,2.1589359392311436,1.9595813168748242,6.415232799738352,1.288464428125802,0.671452242590659,1.9599166707164617,1.8,2.6,16,0.6666666666666666,0.3333333333333333,1.5,1.6666666667,1,1.292536810500341
16,1.8649421761881453,2.1524727225099616,1.9607856916287505,6.3750707298156,1.3160735459592583,0.6451402206168437,1.9612137665761016,1.8,2.8000000000000003,16,0.6666666666666666,0.3333333333333333,1.5,1.6666666667,1,1.2876931180811324
16,1.8693629022916345,2.1466411065857276,1.9617889703896654,6.338551356436153,1.341395903782148,0.6209092638011657,1.962305167583315,1.8,3.0,16,0.6666666666666666,0.3333333333333333,1.5,1.6666666667,1,1.2833429176330808
16,1.4064772261697902,2.462799538822404,1.7585846637206615,5.540226251988357,0.4214635263437285,1.3327930721356331,1.7542565984793603,2.0,0.0,16,0.6666666666666666,0.3333333333333333,1.5,1.6666666667,1,1.3384448129706612
16,1.5604436368895505,2.3928955766008317,1.8379276167933107,7.050527111075134,0.541104404315369,1.2892613073590602,1.8303657116744296,2.0,0.2,16,0.6666666666666666,0.3333333333333333,1.5,1.6666666667,1,1.4447156917995236
16,1.6459170696941006,2.3457033144782726,1.8791791512888245,7.3697634071346645,0.6489489176934752,1.2236983593291537,1.8726472770226326,2.0,0.4,16,0.6666666666666666,0.3333333333333333,1.5,1.6666666667,1,1.4446365131483152
16,1.7004014848795697,2.3081417840375127,1.902981584598884,7.322658015507792,0.7433665747105715,1.1548110095357047,1.8981775842462765,2.0,0.6000000000000001,16,0.6666666666666666,0.3333333333333333,1.5,1.6666666667,1,1.422000635429449
16,1.7381880938694283,2.2782462167692197,1.9182074681693586,7.197716893752244,0.8257370895647393,1.0890860590762321,1.9148231486409708,2.0,0.8,16,0.6666666666666666,0.3333333333333333,1.5,1.6666666667,1,1.3986266616395078
16,1.7659298095551628,2.2541979605818923,1.928685859897406,7.0685141195959655,0.8978682036824658,1.0284778622543518,1.926346065936817,2.0,1.0,16,0.6666666666666666,0.3333333333333333,1.5,1.6666666667,1,1.3784866624680212
16,1.7871576605419939,2.234547989859755,1.9362877703145809,6.9528529929642495,0.9614017290043779,0.9732948452483794,1.9346965742527578,2.0,1.2000000000000002,16,0.6666666666666666,0.3333333333333333,1.5,1.6666666667,1,1.3617946418691649
16,1.8039156405146546,2.2182281918243585,1.9420198242845559,6.853291993588719,1.0177105999205953,0.9232533236571319,1.9409639235777283,2.0,1.4000000000000001,16,0.6666666666666666,0.3333333333333333,1.5,1.6666666667,1,1.3480188309255288
16,1.8174687179137685,2.204465985400174,1.9464678070759034,6.768294054458583,1.0679170567946816,0.877879878791373,1.945796935586055,2.0,1.6,16,0.6666666666666666,0.3333333333333333,1.5,1.6666666667,1,1.3365720779317545
16,1.8286424021035466,2.192700108107075,1.9499949707713893,6.695453773640674,1.112935315322345,0.8366689724116576,1.949604287734003,2.0,1.8,16,0.6666666666666666,0.3333333333333333,1.5,1.6666666667,1,1.3269559822652486
16,1.8379989241901473,2.1825173954407924,1.952838414607029,6.6324537041079035,1.1535128378160835,0.7991430949856727,1.9526559328017548,2.0,2.0,16,0.6666666666666666,0.3333333333333333,1.5,1.6666666667,1,1.3187752987821455
16,1.845935075700004,2.173609050170954,1.955159733856987,6.577337720612073,1.1902644334688577,0.7648728122789575,1.9551372457478162,2.0,2.2,16,0.6666666666666666,0.3333333333333333,1.5,1.6666666667,1,1.3117250925760682
16,1.8527395644176308,2.165740892776297,1.9570733405371858,6.528552676514092,1.2236991681559606,0.7334803339239829,1.9571795020799432,2.0,2.4000000000000004,16,0.6666666666666666,0.3333333333333333,1.5,1.6666666667,1,1.3055735870980085
16,1.8586280323549247,2.158732882790039,1.9586629824999626,6.484903542062663,1.2542413788970077,0.7046366052174005,1.958877984114408,2.0,2.6,16,0.6666666666666666,0.3333333333333333,1.5,1.6666666667,1,1.3001457624453823
16,1.8637651554235806,2.1524447575452323,1.959991689464131,6.445482217203622,1.282247104545516,0.6780561766824721,1.9603032812279888,2.0,2.8000000000000003,16,0.6666666666666666,0.3333333333333333,1.5,1.6666666667,1,1.2953092811901878
16,1.8682790323046445,2.1467658084810677,1.9611079576967856,6.409597711932328,1.3080169875250793,0.6534916415025281,1.9615086290276074,2.0,3.0,16,0.6666666666666666,0.3333333333333333,1.5,1.6666666667,1,1.290963264890574
16,1.4087703459890395,2.451037764751905,1.7561928189099945,5.494885982885307,0.4142753542175088,1.33760122143762,1.751876575655132,2.2,0.0,16,0.6666666666666666,0.3333333333333333,1.5,1.6666666667,1,1.3347721781982698
16,1.560278351081659,2.3824784662995007,1.8343450561542727,6.999280762310207,0.5283516655008725,1.2983229224893522,1.826674587990227,2.2,0.2,16,0.6666666666666666,0.3333333333333333,1.5,1.6666666667,1,1.4422670236167645
16,1.64467844288861,2.337891988562131,1.8757496247797838,7.357570471114224,0.6309793728598292,1.2378295781232134,1.8688089509830403,2.2,0.4,16,0.6666666666666666,0.3333333333333333,1.5,1.6666666667,1,1.4460800910442324
16,1.698739209988,2.3023743535830006,1.8999509245196666,7.339907155436313,0.7212476839161436,1.1733776211363136,1.8946253050524582,2.2,0.6000000000000001,16,0.6666666666666666,0.3333333333333333,1.5,1.6666666667,1,1.4259454110282677
16,1.7363695637556371,2.273920821333501,1.9155533162815916,7.232356981966088,0.8004922128230441,1.1111585595826814,1.9116507724057266,2.2,0.8,16,0.6666666666666666,0.3333333333333333,1.5,1.6666666667,1,1.4039307383874682
16,1.7640730413100196,2.250893257914416,1.9263464468448184,7.113045079479867,0.8703332945224875,1.0532072877349299,1.9235405822574156,2.2,1.0,16,0.6666666666666666,0.3333333333333333,1.5,1.6666666667,1,1.3845013525228824
16,1.7853209706077535,2.231987102546544,1.9342096812540168,7.003043691296801,0.932229749706066,0.9999887927578981,1.932218542463966,2.2,1.2000000000000002,16,0.6666666666666666,0.3333333333333333,1.5,1.6666666667,1,1.368169375734107
16,1.8021308878096252,2.2162283698770096,1.9401633818320865,6.90677698740202,0.9874046535064362,0.9513679597227327,1.9387726132291705,2.2,1.4000000000000001,16,0.6666666666666666,0.3333333333333333,1.5,1.6666666667,1,1.3545636377011419
16,1.8157542304448697,2.2029034827390643,1.9448039812096012,6.823752119037184,1.0368632768644201,0.9069932958738611,1.9438565727382822,2.2,1.6,16,0.6666666666666666,0.3333333333333333,1.5,1.6666666667,1,1.3431848547295229
16,1.8270089511746488,2.1914886990844096,1.9485022004779022,6.752179928851375,1.081429683246496,0.8664546758731282,1.9478843591196244,2.2,1.8,16,0.6666666666666666,0.3333333333333333,1.5,1.6666666667,1,1.3335862306712594
16,1.8364527915311712,2.181595338384699,1.9515003071490138,6.690109868625964,1.1217820102093243,0.8293482219509005,1.9511302321602255,2.2,2.0,16,0.6666666666666666,0.3333333333333333,1.5,1.6666666667,1,1.3254031580448271
16,1.8444795493511432,2.1729308153103406,1.9539633046708755,6.635784875468243,1.158481765766404,0.7953012984464539,1.9537830642128582,2.2,2.2,16,0.6666666666666666,0.3333333333333333,1.5,1.6666666667,1,1.3183470316788768
16,1.8513756359221334,2.1652717342839307,1.956007668709399,6.5877394507057305,1.191997017928003,0.7639801021988273,1.9559771201268312,2.2,2.4000000000000004,16,0.6666666666666666,0.3333333333333333,1.5,1.6666666667,1,1.3121928105918867
16,1.8573548055887303,2.1584452895991877,1.9577183002588827,6.544801689039431,1.2227205261251428,0.7350897923699283,1.9578103184950704,2.2,2.6,16,0.6666666666666666,0.3333333333333333,1.5,1.6666666667,1,1.3067666591323388
16,1.8625802119791117,2.152316192383501,1.959158872113908,6.506056651988682,1.2509839440744972,0.7083716289232804,1.9593555729977787,2.2,2.8000000000000003,16,0.6666666666666666,0.3333333333333333,1.5,1.6666666667,1,1.301934888340866
16,1.8671788110130598,2.146777303253824,1.9603783084266477,6.470797674256438,1.2770690164418523,0.6835991208135059,1.9606681372553558,2.2,3.0,16,0.6666666666666666,0.3333333333333333,1.5,1.6666666667,1,1.2975945773747666
16,1.410723296964535,2.4408139435274245,1.7540868458188315,5.454936824894307,0.4079715222033867,1.3418110884751309,1.749782610678516,2.4000000000000004,0.0,16,0.6666666666666666,0.3333333333333333,1.5,1.6666666667,1,1.3315079717602598
16,1.5600601727640948,2.373274047602681,1.8311314643769567,6.95173099342636,0.5172147358278858,1.3061731398788248,1.823387875706711,2.4000000000000004,0.2,16,0.6666666666666666,0.3333333333333333,1.5,1.6666666667,1,1.4398821699929596
16,1.6434904362253133,2.3308608138067313,1.8726138954191192,7.342655851255236,0.6152539840378738,1.2500758101857596,1.8653297942236338,2.4000000000000004,0.4,16,0.6666666666666666,0.3333333333333333,1.5,1.6666666667,1,1.4470326987431166
16,1.697166521959886,2.2971131291069327,1.8971487243422347,7.351374273564916,0.7017897773653586,1.1895654207232889,1.8913551980886472,2.4000000000000004,0.6000000000000001,16,0.6666666666666666,0.3333333333333333,1.5,1.6666666667,1,1.4291667015507024
16,1.7346558815302004,2.2699369620455996,1.9130829083686667,7.260129875044988,0.7781481920358778,1.130545636715639,1.9086938287515167,2.4000000000000004,0.8,16,0.6666666666666666,0.3333333333333333,1.5,1.6666666667,1,1.408440170440072
16,1.7623245215003347,2.2478254405557974,1.9241581611854888,7.15040428083231,0.8458120539335645,1.075086565072281,1.9208986190058464,2.4000000000000004,1.0,16,0.6666666666666666,0.3333333333333333,1.5,1.6666666667,1,1.3897111165423028
16,1.7835884263021395,2.229590976475094,1.9322559430264574,7.04602012902529,0.9060973493433677,1.0237662049623546,1.929863554305723,2.4000000000000004,1.2000000000000002,16,0.6666666666666666,0.3333333333333333,1.5,1.6666666667,1,1.3737486797168543
16,1.8004414867743939,2.214339920869351,1.9384076314727128,6.953080153710001,0.9601062510431329,0.9765654909871708,1.9366717420303028,2.4000000000000004,1.4000000000000001,16,0.6666666666666666,0.3333333333333333,1.5,1.6666666667,1,1.3603275916876756
16,1.8141235957746493,2.2014106336347994,1.943219275061366,6.872054035012839,1.00874744545244,0.9332322882700178,1.941979733722456,2.4000000000000004,1.6,16,0.6666666666666666,0.3333333333333333,1.5,1.6666666667,1,1.3490295821958922
16,1.8254463439728812,2.1903128902471005,1.9470685260642875,6.801722017114708,1.052769131405236,0.8934365114239934,1.9462056428292298,2.4000000000000004,1.8,16,0.6666666666666666,0.3333333333333333,1.5,1.6666666667,1,1.3394552312758543
16,1.834963752375164,2.1806801381335115,1.9502025476279465,6.740487742579518,1.092790042221103,0.8568373745246267,1.949627416745727,2.4000000000000004,2.0,16,0.6666666666666666,0.3333333333333333,1.5,1.6666666667,1,1.3312693772854034
16,1.843067302229672,2.172234730323882,1.9527897782610752,6.686811255743686,1.1293251436639127,0.8231117305145617,1.9524368741784741,2.4000000000000004,2.2,16,0.6666666666666666,0.3333333333333333,1.5,1.6666666667,1,1.3242013895782032
16,1.850041762554996,2.164763453986434,1.954948993032142,6.6393466387831435,1.1628060044382453,0.7919646820380284,1.954770686476276,2.4000000000000004,2.4000000000000004,16,0.6666666666666666,0.3333333333333333,1.5,1.6666666667,1,1.3180359051551414
16,1.856099545321139,2.1581004536190327,1.95676651475377,6.596974637071664,1.193596732110543,0.7631321084001643,1.956728840510705,2.4000000000000004,2.6,16,0.6666666666666666,0.3333333333333333,1.5,1.6666666667,1,1.312603020551711
16,1.8614026364262743,2.1521152066651577,1.9583068265059018,6.5587926277718696,1.2220064537552622,0.7363796288602592,1.9583860826155213,2.4000000000000004,2.8000000000000003,16,0.6666666666666666,0.3333333333333333,1.5,1.6666666667,1,1.3077695229546111
16,1.8660769977828584,2.146703902542629,1.9596192993694486,6.5240863656143855,1.2482991608488831,0.7115001352044634,1.9597992960533506,2.4000000000000004,3.0,16,0.6666666666666666,0.3333333333333333,1.5,1.6666666667,1,1.3034312912659969
16,1.4124053870045938,2.4318418143861074,1.7522175294650983,5.419457514563833,0.40239414071961316,1.3455310393071633,1.7479251800267768,2.6,0.0,16,0.6666666666666666,0.3333333333333333,1.5,1.6666666667,1,1.32858665923525
16,1.5598086740221107,2.36507907130685,1.8282321397836903,6.907663722729236,0.5073957251598951,1.313045783283676,1.8204415084435734,2.6,0.2,16,0.6666666666666666,0.3333333333333333,1.5,1.6666666667,1,1.43758738837311
16,1.6423547079559857,2.324494606046568,1.8697346739861798,7.32601464588714,0.6013661982303334,1.2607957137976538,1.8621619120279869,2.6,0.4,16,0.6666666666666666,0.3333333333333333,1.5,1.6666666667,1,1.4476177821695972
16,1.6956770208700143,2.2922895940071046,1.8945478785823777,7.358385790656776,0.684529599304574,1.2038066343726586,1.8883362336772311,2.6,0.6000000000000001,16,0.6666666666666666,0.3333333333333333,1.5,1.6666666667,1,1.4318109903017375
16,1.7330373141905233,2.2662513407321585,1.910775323037735,7.2823895503522955,0.7582232783843904,1.1477098261407355,1.9059331045251255,2.6,0.8,16,0.6666666666666666,0.3333333333333333,1.5,1.6666666667,1,1.4123012040823981
16,1.7606743417739923,2.2449669854812226,1.9221052230097355,7.181923880777861,0.8238281395742593,1.0945809020938537,1.91840904166811,2.6,1.0,16,0.6666666666666666,0.3333333333333333,1.5,1.6666666667,1,1.394258305025787
16,1.7819519100403365,2.2273433995206084,1.9304157398670938,7.083098266981299,0.8825474994229726,1.0450789952051516,1.9276264946281243,2.6,1.2000000000000002,16,0.6666666666666666,0.3333333333333333,1.5,1.6666666667,1,1.3786714542903762
16,1.7988420210085274,2.2125553294534757,1.9367464571568433,6.993511331404237,0.9353851195647885,0.9992759186120593,1.9346610381768479,2.6,1.4000000000000001,16,0.6666666666666666,0.3333333333333333,1.5,1.6666666667,1,1.36544707433956
16,1.8125744299908317,2.1999868987796485,1.9417119195871038,6.9145248124258645,0.9831693348577154,0.9570006969136826,1.9401700317713966,2.6,1.6,16,0.6666666666666666,0.3333333333333333,1.5,1.6666666667,1,1.3542422941991217
16,1.8239553461599933,2.189177986235994,1.9456962261853268,6.8454492630575405,1.0265841453544713,0.9179905192124658,1.9445746645669368,2.6,1.8,16,0.6666666666666666,0.3333333333333333,1.5,1.6666666667,1,1.3447016612389804
16,1.833535663350395,2.179782096848213,1.9489511411830007,6.785019761096029,1.066197249357637,0.8819587623569444,1.9481560117145835,2.6,2.0,16,0.6666666666666666,0.3333333333333333,1.5,1.6666666667,1,1.3365173675649697
16,1.8417049694430874,2.1715352686317386,1.951648402505971,6.731910957193383,1.1024830171925015,0.848625458579517,1.951108475772019,2.6,2.2,16,0.6666666666666666,0.3333333333333333,1.5,1.6666666667,1,1.329436508478767
16,1.8487468004552106,2.164233792878183,1.953909131262868,6.684911172831892,1.1358406719920748,0.8177301140582706,1.9535707860503453,2.6,2.4000000000000004,16,0.6666666666666666,0.3333333333333333,1.5,1.6666666667,1,1.3232547387387503
16,1.854872637459974,2.1577184518566694,1.9558212422588723,6.642975811745405,1.166608513111861,0.7890361128108195,1.9556446259226798,2.6,2.6,16,0.6666666666666666,0.3333333333333333,1.5,1.6666666667,1,1.3178081127448504
16,1.8602436550613413,2.151863353225379,1.9574502211160203,6.605234904520047,1.1950750494635973,0.7623311598180091,1.9574062092816058,2.6,2.8000000000000003,16,0.6666666666666666,0.3333333333333333,1.5,1.6666666667,1,1.3129657796509309
16,1.8649850697545487,2.1465679217691718,1.9588460204260896,6.570980659617749,1.2214877742546126,0.737425952052044,1.9589137263066574,2.6,3.0,16,0.6666666666666666,0.3333333333333333,1.5,1.6666666667,1,1.3086237435740984
16,1.4138684010788958,2.423902756942353,1.750546519700048,5.387728499415566,0.397421589951078,1.348844162506915,1.7462657524579939,2.8000000000000003,0.0,16,0.6666666666666666,0.3333333333333333,1.5,1.6666666667,1,1.3259562504012903
16,1.5595372261144234,2.357733978561165,1.825602810263337,6.866821508477454,0.4986673444992824,1.3191171138680489,1.8177844583673293,2.8000000000000003,0.2,16,0.6666666666666666,0.3333333333333333,1.5,1.6666666667,1,1.435395511257402
16,1.641271296844943,2.3187006308927245,1.8670810748608702,7.3083416992339485,0.5890038171039332,1.2702616414513104,1.859265458555244,2.8000000000000003,0.4,16,0.6666666666666666,0.3333333333333333,1.5,1.6666666667,1,1.4479255955068664
16,1.6942648838902428,2.2878479180576177,1.8921258952793676,7.361939609737458,0.6691070347255621,1.2164344186172835,1.8855414533428452,2.8000000000000003,0.6000000000000001,16,0.6666666666666666,0.3333333333333333,1.5,1.6666666667,1,1.4339899111830763
16,1.7315053481005498,2.262828213809059,1.908612970003386,7.3001719568142445,0.7403379765960173,1.163013126104777,1.903351102700797,2.8000000000000003,0.8,16,0.6666666666666666,0.3333333333333333,1.5,1.6666666667,1,1.4156264688200386
16,1.7591134357825884,2.242294475987078,1.920173782517418,7.208620572258681,0.8040013918954527,1.112059511917557,1.9160609038130094,2.8000000000000003,1.0,16,0.6666666666666666,0.3333333333333333,1.5,1.6666666667,1,1.3982523174253008
16,1.7804033263129035,2.2252296693195213,1.9286787739817761,7.115277987981485,0.8612108722292723,1.064290349654239,1.9255012218835144,2.8000000000000003,1.2000000000000002,16,0.6666666666666666,0.3333333333333333,1.5,1.6666666667,1,1.383044122041093
16,1.7973262197679636,2.2108666188385544,1.9351730194581602,7.029061207487686,0.9128894283436952,1.0198487696264351,1.9327381979701326,2.8000000000000003,1.4000000000000001,16,0.6666666666666666,0.3333333333333333,1.5,1.6666666667,1,1.3700261671657228
16,1.8111026377561703,2.198629708855805,1.9402783281227152,6.952155809393428,0.9597980884366464,0.9786302557818073,1.9384283442184536,2.8000000000000003,1.6,16,0.6666666666666666,0.3333333333333333,1.5,1.6666666667,1,1.3589257107760815
16,1.8225341633346328,2.1880859254212495,1.9443847506968384,6.884371298398478,1.0025662154088355,0.9404286461441321,1.9429948615529666,2.8000000000000003,1.8,16,0.6666666666666666,0.3333333333333333,1.5,1.6666666667,1,1.3494286804144178
16,1.8321690700437865,2.1789070480008297,1.9477483960294675,6.824753293039953,1.0417174903299578,0.905003888099725,1.9467213784296833,2.8000000000000003,2.0,16,0.6666666666666666,0.3333333333333333,1.5,1.6666666667,1,1.3412527425194434
16,1.8403953681643326,2.1708416642523933,1.9505441335270195,6.772179977634948,1.0776908273187171,0.8721137446909516,1.949804572009668,2.8000000000000003,2.2,16,0.6666666666666666,0.3333333333333333,1.5,1.6666666667,1,1.33416168572463
16,1.8474956120359043,2.1636948725276164,1.9528953655331416,6.725575394131158,1.11085683056451,0.841528173369176,1.9523850039336865,2.8000000000000003,2.4000000000000004,16,0.6666666666666666,0.3333333333333333,1.5,1.6666666667,1,1.327962306462231
16,1.853680613026715,2.157313718531066,1.954891648194832,6.683981030700984,1.1415306519927537,0.8130351731238556,1.954565825116607,2.8000000000000003,2.6,16,0.6666666666666666,0.3333333333333333,1.5,1.6666666667,1,1.3224976626460614
16,1.8591110043239965,2.151576775107868,1.956599594585287,6.646575056977042,1.169982049302906,0.786442422337096,1.9564244716400028,2.8000000000000003,2.8000000000000003,16,0.6666666666666666,0.3333333333333333,1.5,1.6666666667,1,1.3176406891249908
16,1.8639114979059885,2.1463866400803897,1.9580698786307889,6.6126704657958,1.1964433049358723,0.7615768931376137,1.9580201980734886,2.8000000000000003,3.0,16,0.6666666666666666,0.3333333333333333,1.5,1.6666666667,1,1.3132888399248042
16,1.4151518036806174,2.416826728688251,1.7490434453498285,5.359178802277851,0.3929584920059266,1.3518153624088263,1.7447738544147522,3.0,0.0,16,0.6666666666666666,0.3333333333333333,1.5,1.6666666667,1,1.3235749107454113
16,1.5592550393093478,2.351111593032,1.823207223883565,6.828937697084436,0.4908528220882612,1.3245227206918475,1.8153755427801106,3.0,0.2,16,0.6666666666666666,0.3333333333333333,1.5,1.6666666667,1,1.4333113578541659
16,1.640239197847678,2.3134031910826605,1.864627195592672,7.290125544716407,0.5779227936916422,1.278684257436126,1.8566070511277677,3.0,0.4,16,0.6666666666666666,0.3333333333333333,1.5,1.6666666667,1,1.4480230982919131
16,1.6929248016397644,2.2837420032525926,1.8898638688440403,7.362797728326049,0.6552376585278662,1.2277097594791815,1.8829474180070487,3.0,0.6000000000000001,16,0.6666666666666666,0.3333333333333333,1.5,1.6666666667,1,1.4357899619985202
16,1.7300525765214974,2.2596377989538157,1.9065809839989365,7.314285588633473,0.7241891051519834,1.1767429231774869,1.9009320283294704,3.0,0.8,16,0.6666666666666666,0.3333333333333333,1.5,1.6666666667,1,1.4185044404609932
16,1.7576337324700508,2.2397880011895803,1.9183518220432272,7.231288167727118,0.7860246367905064,1.1278191712162315,1.9138438080067361,3.0,1.0,16,0.6666666666666666,0.3333333333333333,1.5,1.6666666667,1,1.4017790833504271
16,1.7789350663020715,2.223236716306719,1.9270356163036204,7.143335937170814,0.841785772233896,1.0816954962545247,1.9234812684884208,3.0,1.2000000000000002,16,0.6666666666666666,0.3333333333333333,1.5,1.6666666667,1,1.386949970838601
16,1.7958876820221978,2.2092659827071195,1.9336804489171715,7.060496383665236,0.8923287714809759,1.038571072220416,1.9308998437013924,3.0,1.4000000000000001,16,0.6666666666666666,0.3333333333333333,1.5,1.6666666667,1,1.3741461052635948
16,1.8097033933201239,2.1973355149186125,1.93891410051962,6.985709505996583,0.9383579290744588,0.9983959440370187,1.9367538731114784,3.0,1.6,16,0.6666666666666666,0.3333333333333333,1.5,1.6666666667,1,1.3631595546633983
16,1.8211796811318521,2.1870367023450163,1.94313202153624,6.919255584261373,0.9804558569449178,0.9610117440403828,1.9414676009852996,3.0,1.8,16,0.6666666666666666,0.3333333333333333,1.5,1.6666666667,1,1.3537154256285133
16,1.8308626191834412,2.1780580348159844,1.9465944243942888,6.860474401051361,1.01910810683086,0.9262185193906279,1.9453266262214883,3.0,2.0,16,0.6666666666666666,0.3333333333333333,1.5,1.6666666667,1,1.3455554479832872
16,1.8391389137204417,2.1701596584744935,1.9494791619717922,6.8084358721281415,1.0547225416316721,0.893807045562865,1.948529587194535,3.0,2.2,16,0.6666666666666666,0.3333333333333333,1.5,1.6666666667,1,1.338459018325331
16,1.8462903172166791,2.1631548271167023,1.9519118205166868,6.762194610388541,1.0876444309925095,0.8635742649039754,1.9512186958964848,3.0,2.4000000000000004,16,0.6666666666666666,0.3333333333333333,1.5,1.6666666667,1,1.3322435874808376
16,1.8525271305052995,2.156896448349644,1.9539835697867476,6.720881022073927,1.1181682042731642,0.8353302190800023,1.953498423353167,3.0,2.6,16,0.6666666666666666,0.3333333333333333,1.5,1.6666666667,1,1.3267594695786096
16,1.8580096195813527,2.151267348358481,1.9557621958403955,6.683730203008328,1.1465466333896033,0.8089006392425099,1.9554472726321122,3.0,2.8000000000000003,16,0.6666666666666666,0.3333333333333333,1.5,1.6666666667,1,1.3218841896454496
16,1.8628621752343657,2.1461732107727722,1.9572991870805012,6.650087042893318,1.172998055852449,0.7841273400988782,1.9571253959513233,3.0,3.0,16,0.6666666666666666,0.3333333333333333,1.5,1.6666666667,1,1.317517672058057
