scenario,bound,num_servers,h12,h21,L_1,L_2,L,W_1,W_2,W,U,Q_boundary,P_hit_boundary
A_prioritized_slower,16,1,0.0,0.0,0.6666597947160564,1.7178683387399523,2.3845281334560093,0.666663917886423,1.738658221645254,1.2026610697658384,2.8958994709044736,0.01896784185746635,0.002789514100691204
A_prioritized_slower,16,1,0.0,0.2,1.4732722447608704,1.6384511500295986,3.1117233947904728,0.9893088979043493,2.127223098411889,1.5582659981581193,4.91645364177995,0.016792512265446605,0.003185900314837738
A_prioritized_slower,16,1,0.0,0.4,2.036347398875834,1.257983612291077,3.2943310111669075,1.2145389595503335,2.097351718313024,1.6559453389316787,4.05872133407041,0.03703600475085649,0.006651742767448054
A_prioritized_slower,16,1,0.0,0.6000000000000001,2.3522762907112105,1.0110701099602468,3.3633464006714595,1.3409105162844854,2.0499356450915456,1.6954230806880155,3.6234963185698637,0.04938063703913103,0.008540427312418355
A_prioritized_slower,16,1,0.0,0.8,2.5517968487411506,0.8472421562230403,3.3990390049641888,1.4207187394964595,2.012756514786443,1.7167376271414512,3.3919644661248776,0.057373907668842226,0.009633495936859256
A_prioritized_slower,16,1,0.0,1.0,2.6892628995732033,0.7315956467010434,3.4208585462742476,1.4757051598292814,1.9846147047352156,1.7301599322822485,3.2544639017031014,0.06295713902475726,0.010318710145128862
A_prioritized_slower,16,1,0.0,1.2000000000000002,2.7899064467515067,0.6457324467628937,3.435638893514403,1.5159625787006026,1.9629336323526956,1.739448105526649,3.165576277174341,0.06708570329510662,0.010775270352197407
A_prioritized_slower,16,1,0.0,1.4000000000000001,2.8669116652603157,0.5794532730155659,3.4463649382758796,1.5467646661041252,1.9458268754276993,1.7462957707659124,3.104352647601261,0.07027065304973934,0.011093758402228603
A_prioritized_slower,16,1,0.0,1.6,2.927824306088607,0.5267167545340317,3.454541060622641,1.5711297224354428,1.932026541648113,1.7515781320417778,3.0600903704067743,0.07280817574992746,0.011323892546992814
A_prioritized_slower,16,1,0.0,1.8,2.977274766215666,0.4837316321271404,3.4610063983428017,1.5909099064862644,1.920677108127535,1.7557935073068998,3.026852126199557,0.0748815336783137,0.01149484504384916
A_prioritized_slower,16,1,0.0,2.0,3.018263717967701,0.44800210856748685,3.466265826535186,1.607305487187081,1.9111883427337535,1.7592469149604173,3.0011202568119333,0.07661024101149422,0.011624676212919738
A_prioritized_slower,16,1,0.0,2.2,3.052822558208677,0.41781891184420117,3.4706414700528803,1.6211290232834723,1.9031426316416746,1.7621358274625734,2.9806967621975833,0.07807563877531172,0.011725066046329244
A_prioritized_slower,16,1,0.0,2.4000000000000004,3.0823765456355448,0.39197216547444746,3.4743487111099927,1.6329506182542193,1.8962372704470745,1.7645939443506469,2.96414678627257,0.07933506926099199,0.011803845722943157
A_prioritized_slower,16,1,0.0,2.6,3.107955871377614,0.3695813052374443,3.4775371766150562,1.643182348551045,1.8902479673023451,1.766715157926695,2.950498781184744,0.08043016250173561,0.011866427131248029
A_prioritized_slower,16,1,0.0,2.8000000000000003,3.1303241385737173,0.3499900353484542,3.4803141739221717,1.652129655429486,1.8850052271338895,1.7685674412816876,2.9390742244741666,0.08139190344767963,0.011916647629399221
A_prioritized_slower,16,1,0.0,3.0,3.150059673668934,0.33269908285266925,3.482758756521604,1.6600238694675717,1.8803786980410366,1.7702012837543042,2.929386497827319,0.08224385135073721,0.011957288916284383
A_prioritized_slower,16,1,0.2,0.0,0.5879317974047625,1.7112485900453438,2.2991803874501007,0.7124919250819494,1.6053223620170862,1.1589071435495177,2.5183986141427193,0.0177747212276064,0.002639283892972341
A_prioritized_slower,16,1,0.2,0.2,1.0911466756923203,1.8755580298319372,2.966704705524255,1.013427821551006,1.9866486686285343,1.5000382450897702,5.879874492009536,0.010508790440412134,0.0023641779432585124
A_prioritized_slower,16,1,0.2,0.4,1.6347127158140868,1.6595434598869356,3.2942561757010225,1.2387029550474913,2.050547677849648,1.6446253164485696,5.519857078418978,0.011717073958740611,0.0029890398103752406
A_prioritized_slower,16,1,0.2,0.6000000000000001,1.9947148463634634,1.4118116792632394,3.4065265256267043,1.3613024028921212,2.0335307719826408,1.697416587437381,4.960801107159833,0.020844255597054946,0.004958477808943742
A_prioritized_slower,16,1,0.2,0.8,2.239399386388938,1.216961393013319,3.456360779402259,1.4367299090414174,2.007109421587187,1.7219196653143023,4.567608296428605,0.02915751210496449,0.006582632528141758
A_prioritized_slower,16,1,0.2,1.0,2.414862041352242,1.0674523187040825,3.4823143600563258,1.4877457844703068,1.9828420896522718,1.7352939370612894,4.298403912191683,0.036027477667863926,0.007800749686025272
A_prioritized_slower,16,1,0.2,1.2000000000000002,2.5464422992054367,0.9508171779230353,3.4972594771284706,1.5245949911033247,1.9622932388153467,1.7434441149593356,4.107967707375972,0.04167810845510569,0.008716938992260214
A_prioritized_slower,16,1,0.2,1.4000000000000001,2.648678206407487,0.8578120577290328,3.5064902641365188,1.5525031555721016,1.9451394961680006,1.7488213258700511,3.968080073433129,0.046373434725897576,0.009417935120083105
A_prioritized_slower,16,1,0.2,1.6,2.7303875468120986,0.7821069314403463,3.512494478252444,1.5744043149198628,1.9307711404363206,1.7525877276780917,3.8618152398511376,0.05032539820491916,0.009964296645597266
A_prioritized_slower,16,1,0.2,1.8,2.7971963345374973,0.7193616487114948,3.516557983248992,1.5920715728984298,1.9186317651678226,1.7553516690331263,3.7787646182803285,0.05369363602919331,0.010397510474864341
A_prioritized_slower,16,1,0.2,2.0,2.8528527090324736,0.6665425511729672,3.519395260205446,1.606639825343327,1.9082739829578215,1.7574569041505743,3.712290474312174,0.05659740260233377,0.010746309623545275
A_prioritized_slower,16,1,0.2,2.2,2.899946488118522,0.6214800893950857,3.5214265775136075,1.6188695945135398,1.89935011677216,1.75910985564285,3.6580049961956838,0.059126461935976975,0.011030960004426538
A_prioritized_slower,16,1,0.2,2.4000000000000004,2.940323224082928,0.5825875750753883,3.5229107991583173,1.6292899605429634,1.8915915874098614,1.7604407739764123,3.6129114475864066,0.06134923438129491,0.011266036226444356
A_prioritized_slower,16,1,0.2,2.6,2.9753331681916038,0.5486803843842494,3.524013552575851,1.638280607011421,1.8847899874263179,1.7615352972188694,3.574903133504457,0.0633185969766782,0.011462217900026968
A_prioritized_slower,16,1,0.2,2.8000000000000003,3.0059868263188325,0.5188574198371746,3.524844246156006,1.6461212340793476,1.8787822073834768,1.7624517207314123,3.542460914151867,0.06507597538328842,0.01162746759080137
A_prioritized_slower,16,1,0.2,3.0,3.033055459829372,0.49242167997731146,3.5254771398066866,1.6530225464480872,1.873439301460061,1.7632309239540742,3.514464546516587,0.06665424523936764,0.01176781702434403
A_prioritized_slower,16,1,0.4,0.0,0.5433787449908785,1.7051570310100967,2.2485357760009763,0.7324310200418339,1.5332437679107793,1.1328373939763066,2.3214215050214024,0.016615481624617342,0.002476549306449134
A_prioritized_slower,16,1,0.4,0.2,0.9101299019470023,1.911058158507184,2.8211880604541877,1.0102713490329622,1.8778127509106846,1.4440420499718234,5.820979632216594,0.01650372723125641,0.0033997352281862404
A_prioritized_slower,16,1,0.4,0.4,1.372344237301376,1.84249358486815,3.214837822169526,1.2399073787429356,1.9969072986806826,1.6184073387118092,6.250471532071195,0.008963290108936942,0.002608343834390571
A_prioritized_slower,16,1,0.4,0.6000000000000001,1.732373286672707,1.6547315110064733,3.387104797679184,1.370170213255636,2.011826478451679,1.6909983458536573,5.809718706808524,0.010721263260823576,0.0033074874383332126
A_prioritized_slower,16,1,0.4,0.8,1.9939185196923834,1.4711442404311372,3.465062760123523,1.448764513599992,2.0004759767000677,1.7246202451500299,5.402249603309696,0.015997910632773112,0.004662520182362965
A_prioritized_slower,16,1,0.4,1.0,2.1890322957132797,1.3157453850654695,3.50477768077875,1.5005549105976208,1.9834910825374275,1.742022996567524,5.083853588202798,0.021640708187237023,0.005979843238432529
A_prioritized_slower,16,1,0.4,1.2000000000000002,2.3393712962224615,1.1874783000163849,3.5268495962388493,1.5370674892376663,1.966489870369773,1.7517786798037198,4.839143468839893,0.026867111547311286,0.007098125446950786
A_prioritized_slower,16,1,0.4,1.4000000000000001,2.4584773106519955,1.0813231922448159,3.539800502896809,1.5641479334501842,1.9509897921665007,1.7575688628083426,4.649120345917027,0.03154046475867964,0.00801882893788507
A_prioritized_slower,16,1,0.4,1.6,2.5550515279885544,0.9925903619396713,3.5476418899282236,1.5850255268627786,1.9372697107841268,1.7611476188234527,4.498951631593055,0.03568409757896126,0.008774756360491
A_prioritized_slower,16,1,0.4,1.8,2.63488555753923,0.9175662820148892,3.5524518395541156,1.6016150798336617,1.925227916158824,1.7634214979962428,4.378064729565782,0.03935857662817919,0.009398767630902388
A_prioritized_slower,16,1,0.4,2.0,2.7019635563481796,0.8534217270149589,3.5553852833631376,1.615119448745129,1.9146615115974925,1.7648904801713108,4.2790504538179395,0.042627822876140434,0.009917925029998735
A_prioritized_slower,16,1,0.4,2.2,2.759107873369799,0.798011588305813,3.557119461675611,1.6263307481218008,1.9053596103713968,1.7658451792465988,4.196679204533882,0.04554960098841173,0.010353440585317201
A_prioritized_slower,16,1,0.4,2.4000000000000004,2.8083700085813232,0.749698641447905,3.558068650029231,1.6357913295647004,1.8971325314553436,1.766461930510022,4.127202326281589,0.04817348659569062,0.010721745241353286
A_prioritized_slower,16,1,0.4,2.6,2.8512751939535725,0.7072198558375218,3.5584950497910937,1.6438848325551043,1.889818373680382,1.7668516031177433,4.067884407088103,0.050541209428125,0.011035579931421421
A_prioritized_slower,16,1,0.4,2.8000000000000003,2.8889801049360098,0.6695891946718904,3.5585692996078984,1.6508902190509158,1.8832817998033433,1.7670860094271297,4.016693443309189,0.052687672475321884,0.011304884196923902
A_prioritized_slower,16,1,0.4,3.0,2.922377395609544,0.6360276299629356,3.5584050255724815,1.6570151827891273,1.8774105049478684,1.767212843868498,3.9720941309590376,0.05464205944458039,0.011537474504821767
A_prioritized_slower,16,1,0.6000000000000001,0.0,0.5127696773827506,1.6999724829120952,2.212742160294843,0.7438009207272493,1.4849936518805646,1.114397286303907,2.191295452164377,0.015716956882808494,0.0023464679474915536
A_prioritized_slower,16,1,0.6000000000000001,0.2,0.8078523031092625,1.9140720713409456,2.72192437445021,1.0027083257081457,1.7969545023404816,1.3998314140243138,5.479441348463348,0.01966390522987436,0.003868005145569302
A_prioritized_slower,16,1,0.6000000000000001,0.4,1.1951991631409342,1.925978005497028,3.121177168637966,1.230923205136332,1.9444261818524557,1.5876746934943937,6.610844824594759,0.01218933392545124,0.0032945842883250424
A_prioritized_slower,16,1,0.6000000000000001,0.6000000000000001,1.5340744626026896,1.8020997423296563,3.3361742049323446,1.368728086245397,1.9847423837501006,1.6767352349977487,6.371679226716705,0.008934733302149995,0.003040897109784171
A_prioritized_slower,16,1,0.6000000000000001,0.8,1.7979763097615007,1.6477357663505796,3.4457120761120845,1.452792945532355,1.9883451519136637,1.7205690487230094,5.996341023120143,0.01038004218666169,0.0036674110014416252
A_prioritized_slower,16,1,0.6000000000000001,1.0,2.0021716633937006,1.5016102215443081,3.503781884938012,1.5077659518404307,1.9799609183436089,1.74386343509202,5.674435313447268,0.013889884720662007,0.004709152324532694
A_prioritized_slower,16,1,0.6000000000000001,1.2000000000000002,2.1633192977778193,1.3731889302963556,3.536508228074171,1.5459474522099008,1.9679565083683361,1.7569519802891185,5.411331218666575,0.017957461137964544,0.005802470373850381
A_prioritized_slower,16,1,0.6000000000000001,1.4000000000000001,2.2932983907093383,1.2625875283200931,3.5558859190294285,1.5737640183536759,1.9553596408402658,1.7645618295969707,5.196615491797761,0.02199608013970259,0.006803718809007826
A_prioritized_slower,16,1,0.6000000000000001,1.6,2.400179048808849,1.1675359489401553,3.567714997749003,1.5948225263587568,1.9432996562911173,1.7690610913249372,5.020326288376553,0.02580620853217735,0.007678693194570773
A_prioritized_slower,16,1,0.6000000000000001,1.8,2.4895297369606193,1.085493946349769,3.575023683310386,1.6112683335930043,1.932163232769142,1.7717157831810733,4.87422757229599,0.02933202119519688,0.008431864330857883
A_prioritized_slower,16,1,0.6000000000000001,2.0,2.5652901233028595,1.0142154804982126,3.5795056038010733,1.6244422604042887,1.922034445035809,1.7732383527200488,4.751845919308464,0.03257096817727733,0.009078285477872136
A_prioritized_slower,16,1,0.6000000000000001,2.2,2.630315897345094,0.9518457765758791,3.5821616739209725,1.6352191374082958,1.9128755570343636,1.7740473472213298,4.648212632553031,0.03554005096730609,0.009634143369500726
A_prioritized_slower,16,1,0.6000000000000001,2.4000000000000004,2.6867228002084813,0.8968869273422949,3.583609727550775,1.6441913379323403,1.9046041208812854,1.7743977294068127,4.559540274636124,0.03826259435065036,0.010113966984977248
A_prioritized_slower,16,1,0.6000000000000001,2.6,2.7361092216782357,0.8481353740546763,3.5842445957329137,1.6517729805212893,1.8971262136993303,1.7744495971103098,4.482934377317922,0.04076285708947161,0.010530052795150168
A_prioritized_slower,16,1,0.6000000000000001,2.8000000000000003,2.779703868785999,0.8046219054453659,3.5843257742313646,1.6582616417663367,1.8903504537525213,1.774306047759429,4.416166444037586,0.04306384915305725,0.010892585100528013
A_prioritized_slower,16,1,0.6000000000000001,3.0,2.8184660397254695,0.7655617241823955,3.5840277639078675,1.6638763136747519,1.8841934194319931,1.7740348665533725,4.357504123924155,0.045186530419549654,0.011209939254644863
A_prioritized_slower,16,1,0.8,0.0,0.4898379128950342,1.6955855426016808,2.185423455496712,0.7510940904621267,1.449547347635424,1.1003207190487754,2.09636601568028,0.015013277657833626,0.002242867342826108
A_prioritized_slower,16,1,0.8,0.2,0.7404927573636202,1.9094658981241686,2.649958655487786,0.9945930808462206,1.7349462684403811,1.364769674643301,5.121150457356652,0.021210702889237393,0.004045384977156623
A_prioritized_slower,16,1,0.8,0.4,1.0716039459280682,1.9667036537731821,3.0383075997012514,1.2187716056404407,1.8969236404358787,1.5578476230381597,6.722728834294527,0.015669722310812567,0.003968714678923517
A_prioritized_slower,16,1,0.8,0.6000000000000001,1.3820381366075285,1.8926474269794828,3.274685563587009,1.361951412520334,1.956129040745781,1.6590402266330575,6.763054916370031,0.010559635281110456,0.0034500447294209483
A_prioritized_slower,16,1,0.8,0.8,1.6389838931759253,1.7706975704574093,3.409681463633338,1.4513885050133684,1.9728253944183118,1.71210694971584,6.449344226867444,0.009052501495097698,0.0034522189363495478
A_prioritized_slower,16,1,0.8,1.0,1.8455589990836014,1.64134605483667,3.486905053920272,1.510095980148585,1.9727444151427425,1.7414201976456636,6.132895796780492,0.010231011734174813,0.0040126333822855095
A_prioritized_slower,16,1,0.8,1.2000000000000002,2.0124281245833484,1.5198155009980179,3.5322436255813665,1.5507693891972363,1.9661041822130385,1.7584367857051375,5.865327679797824,0.012778557090334111,0.0048683205835681614
A_prioritized_slower,16,1,0.8,1.4000000000000001,2.149219007486034,1.4105629244253384,3.5597819319113713,1.5801856195823583,1.957009634474553,1.7685976270284556,5.6412836627098075,0.0158609884351788,0.0058007840294610254
A_prioritized_slower,16,1,0.8,1.6,2.263124989740105,1.3138665821786462,3.5769915719187515,1.6022083927365494,1.947228964597399,1.7747186786669742,5.452192010396879,0.019064955572259058,0.006697241451357637
A_prioritized_slower,16,1,0.8,1.8,2.359333496691781,1.2285957469961648,3.5879292436879457,1.619179825642044,1.9375593944029528,1.7783696100224984,5.291446559479552,0.022204721830452342,0.007514618386478067
A_prioritized_slower,16,1,0.8,2.0,2.4416127058491224,1.1532862291088395,3.594898934957961,1.6325834095837344,1.9283538778197784,1.7804686437017563,5.153871583935605,0.025202073113731377,0.008243327877077364
A_prioritized_slower,16,1,0.8,2.2,2.512748399556063,1.0865246063125122,3.5992730058685733,1.6433926325784267,1.919751248296936,1.7815719404376815,5.035301766962433,0.028028252913169384,0.008887330103597576
A_prioritized_slower,16,1,0.8,2.4000000000000004,2.574838684526101,1.0270656680033972,3.601904352529501,1.6522666536732165,1.9117858058331287,1.7820262297531726,4.932376670514727,0.03067738924913942,0.009455121376656004
A_prioritized_slower,16,1,0.8,2.6,2.629491253779817,0.9738510235599658,3.603342277339782,1.659664599051603,1.904441741583157,1.78205317031738,4.842394749260927,0.03315419452944216,0.009956041341463249
A_prioritized_slower,16,1,0.8,2.8000000000000003,2.677957361464573,0.9259937592510574,3.6039511207156316,1.6659144783659405,1.8976806777607698,1.781797578063355,4.763187421410924,0.03546809286919009,0.010398884048835516
A_prioritized_slower,16,1,0.8,3.0,2.721224584652372,0.8827538884716403,3.603978473124012,1.6712559843675538,1.8914556697907126,1.7813558270791332,4.693011005530859,0.037630333257599964,0.010791457547938739
A_prioritized_slower,16,1,1.0,0.0,0.4717570601313156,1.6918494422119175,2.163606502343229,0.7561061814896901,1.4220523619930812,1.0890792717413857,2.023039566473316,0.014448746527759062,0.002158821748481996
A_prioritized_slower,16,1,1.0,0.2,0.6918943388827424,1.9028258752202099,2.5947202141029506,0.986893090920375,1.6858597344847925,1.3363764127025837,4.804231514864254,0.02196040509225616,0.0040925499231232575
A_prioritized_slower,16,1,1.0,0.4,0.9811962064286934,1.987401823326877,2.968598029755568,1.206031164921622,1.8548880559140895,1.5304596104178558,6.688381221203867,0.018417182567330888,0.004450706194710817
A_prioritized_slower,16,1,1.0,0.6000000000000001,1.2639936396922098,1.9502446817721966,3.2142383214644044,1.3525198765128446,1.9278459302469793,1.640182903379912,7.011299644472189,0.013073352311195132,0.004021758644828418
A_prioritized_slower,16,1,1.0,0.8,1.5089261893076709,1.8572588657771272,3.3661850550848,1.4467374088377087,1.9557172658800497,1.7012273373588793,6.809599204097703,0.009908185730968468,0.003707662623145819
A_prioritized_slower,16,1,1.0,1.0,1.7130237628764304,1.7467425406301058,3.459766303506533,1.5091446529071388,1.9632474986983646,1.7361960758027517,6.511200322832061,0.009173280606284185,0.0038264583081867695
A_prioritized_slower,16,1,1.0,1.2000000000000002,1.8819407800729788,1.6358924422965164,3.517833222369494,1.5524466110570787,1.9617405413324145,1.7570935761947466,6.239684027237873,0.010157276571100894,0.004334533017338663
A_prioritized_slower,16,1,1.0,1.4000000000000001,2.022674932793176,1.531777170987978,3.55445210378115,1.5837548017319012,1.9562198957296342,1.7699873487307678,6.009700779740806,0.012118057759676972,0.005067417670139794
A_prioritized_slower,16,1,1.0,1.6,2.141254242714108,1.4367460202856712,3.5780002629997756,1.6071257162230501,1.9489626703354765,1.7780441932792632,5.814056490403116,0.014547223809730643,0.005881350627156495
A_prioritized_slower,16,1,1.0,1.8,2.2423507905009923,1.35104023604207,3.593391026543058,1.6250259328207453,1.9410703690360662,1.7830481509284057,5.645519318104688,0.017152261716878815,0.0066892802878658454
A_prioritized_slower,16,1,1.0,2.0,2.3294884142795715,1.2740474084538052,3.603535822733374,1.6390396080859573,1.9331043526079235,1.7860719803469403,5.498997973173394,0.019777823420453464,0.007449135201867631
A_prioritized_slower,16,1,1.0,2.2,2.405330562528724,1.2048756356535997,3.610206198182326,1.6502226259679924,1.9253532965378786,1.7877879612529355,5.37078000694669,0.022344884923292046,0.008145119400939111
A_prioritized_slower,16,1,1.0,2.4000000000000004,2.471914539358504,1.1426009454497974,3.6145154848082965,1.6592982397863267,1.9179593777116715,1.788628808748999,5.2579577712076535,0.024815079562066498,0.008774583071304017
A_prioritized_slower,16,1,1.0,2.6,2.530820991887067,1.0863649873605326,3.617185979247597,1.666773503664796,1.9109840272467957,1.7888787654557958,5.158162502869136,0.027171565501639197,0.009340734751345519
A_prioritized_slower,16,1,1.0,2.8000000000000003,2.583293406064654,1.03540650698936,3.618699913054011,1.6730115323303245,1.9044441288269205,1.7887278305786225,5.069436744764426,0.029408960281020014,0.009849015496551379
A_prioritized_slower,16,1,1.0,3.0,2.630322647070908,0.989064681140351,3.6193873282112596,1.6782775307164144,1.8983324401959243,1.7883049854561692,4.990156408452047,0.031527993172729654,0.010305409878636998
A_prioritized_slower,16,1,1.2000000000000002,0.0,0.4570047630425995,1.6886394642151907,2.14564422725779,0.7597126487931981,1.39993717467651,1.079824911734854,1.9642185258984377,0.01398570385749645,0.002089321503377753
A_prioritized_slower,16,1,1.2000000000000002,0.2,0.6547348990720192,1.8958524752088173,2.5505873742808376,0.9798608449380247,1.645982322119469,1.3129215835287469,4.534818844450694,0.022294265875006745,0.004079193101227403
A_prioritized_slower,16,1,1.2000000000000002,0.4,0.9121732891847036,1.9977423331566861,2.909915622341388,1.1936352628085711,1.817818939000291,1.505727100904431,6.5788076749673206,0.020466294394275025,0.004768621362160058
A_prioritized_slower,16,1,1.2000000000000002,0.6000000000000001,1.1705911693883106,1.9881532532033874,3.158744422591703,1.3419144745241711,1.9007893153317825,1.6213518949279768,7.143122671545363,0.015549930317871231,0.004548949901524058
A_prioritized_slower,16,1,1.2000000000000002,0.8,1.4018098420449323,1.9194514766466642,3.321261318691597,1.4400569681505841,1.937940681560274,1.688998824855429,7.084876293698873,0.011650883297157964,0.004157695361091763
A_prioritized_slower,16,1,1.2000000000000002,1.0,1.600267930168017,1.826916971919104,3.4271849020871197,1.506023568937825,1.952419104892216,1.7292213369150204,6.8332513302538205,0.009627423831422902,0.003991133270106338
A_prioritized_slower,16,1,1.2000000000000002,1.2000000000000002,1.7683934505681165,1.7280969059685953,3.4964903565367145,1.5519473339901328,1.9557429408110862,1.7538451374006097,6.563907577909729,0.00927771314347922,0.0041670068470489145
A_prioritized_slower,16,1,1.2000000000000002,1.4000000000000001,1.9108358636889375,1.6312857650984023,3.542121628787339,1.5851732133860201,1.95363939163983,1.769406302512925,6.326624622218568,0.010118446345372128,0.004633437646686279
A_prioritized_slower,16,1,1.2000000000000002,1.6,2.0322987538055006,1.5401660314729133,3.572464785278414,1.609992676402154,1.9488874255348825,1.7794400509685182,6.124276297038353,0.011691926611127532,0.005278987819076868
A_prioritized_slower,16,1,1.2000000000000002,1.8,2.1367918109615474,1.4560770777209329,3.5928688886824807,1.6289930317012158,1.942863744968263,1.7859283883347394,5.9500789786455,0.013666096097369651,0.006002726918489078
A_prioritized_slower,16,1,1.2000000000000002,2.0,2.2275137553414814,1.379196859639921,3.6067106149814,1.6438268415089878,1.9362914359728212,1.7900591387409044,5.797957507634834,0.015829687480570228,0.006736806000872448
A_prioritized_slower,16,1,1.2000000000000002,2.2,2.306962231636627,1.309167995777421,3.616130227414047,1.655603259559209,1.9295713285679794,1.792587294063594,5.663703789333634,0.01805706792630914,0.007443276921793874
A_prioritized_slower,16,1,1.2000000000000002,2.4000000000000004,2.377085899873916,1.2454198656742421,3.6225057655481603,1.6650922047126568,1.922930827267046,1.7940115159898515,5.544375186707687,0.020276198163617705,0.008104218532980248
A_prioritized_slower,16,1,1.2000000000000002,2.6,2.439417021075316,1.1873269786739524,3.6267439997492716,1.6728406086856418,1.9164972831952862,1.7946689459404639,5.43775943139841,0.02244688160584054,0.008713266204128654
A_prioritized_slower,16,1,1.2000000000000002,2.8000000000000003,2.4951734135798858,1.1342823236698334,3.6294557372497187,1.6792441282915744,1.9103381724808535,1.794791150386214,5.342086440888666,0.02454752521423794,0.00927010569211295
A_prioritized_slower,16,1,1.2000000000000002,3.0,2.545333840139135,1.0857279738921284,3.6310618140312605,1.6845936452951629,1.904484725283492,1.7945391852893273,5.255888529361767,0.02656739811194186,0.009777315974046828
A_prioritized_slower,16,1,1.4000000000000001,0.0,0.4446671104606062,1.685857131125067,2.1305242415856753,0.7623948108650764,1.3816771372285988,1.0720359740468375,1.9157371433619375,0.013598754352041612,0.00203087386912853
A_prioritized_slower,16,1,1.4000000000000001,0.2,0.6251625778751515,1.8891284783786442,2.5142910562537915,0.9735214257904242,1.6128999418017267,1.2932106837960755,4.307349529721954,0.02240039104210763,0.004037196091732831
A_prioritized_slower,16,1,1.4000000000000001,0.4,0.8576368504305832,2.0023498289068464,2.85998667933743,1.181901459408311,1.785022041907655,1.483461750657983,6.4331770496205145,0.02197988843724717,0.004970715982905109
A_prioritized_slower,16,1,1.4000000000000001,0.6000000000000001,1.095136316185105,2.013713251103818,3.1088495672889227,1.3309792134727312,1.8753674567588385,1.6031733351157849,7.192047318366779,0.017732068326405007,0.004978455640302491
A_prioritized_slower,16,1,1.4000000000000001,0.8,1.3127488431913883,1.9651272900342664,3.277876133225653,1.4321421069976892,1.9200672805892383,1.6761046937934636,7.279668479481031,0.013630378156153493,0.0046417531384278145
A_prioritized_slower,16,1,1.4000000000000001,1.0,1.5039171564554454,1.8887246420542987,3.392641798509745,1.5013654200968165,1.9407614322282298,1.721063426162523,7.101711321772114,0.010848324451797765,0.004343186147165143
A_prioritized_slower,16,1,1.4000000000000001,1.2000000000000002,1.6692130038106945,1.8018240463593835,3.4710370501700747,1.5499011672692335,1.948663213340789,1.7492821903050113,6.851302666173771,0.009505457235075343,0.004273929534117583
A_prioritized_slower,16,1,1.4000000000000001,1.4000000000000001,1.8115646639282554,1.7132353683925654,3.524800032320823,1.5850489579487235,1.9498301251262902,1.7674395415375068,6.609986573410645,0.009365514937409484,0.004478970536601594
A_prioritized_slower,16,1,1.4000000000000001,1.6,1.934450162431343,1.6273781977470438,3.561828360178385,1.6113126884377644,1.9474792398815821,1.7793959641596733,6.399353504559796,0.010097656289450333,0.004911542714805024
A_prioritized_slower,16,1,1.4000000000000001,1.8,2.0411432898078177,1.54633640281403,3.5874796926218457,1.6314412894324557,1.9432835165090165,1.7873624029707362,6.218256229727861,0.011400115461344338,0.005491523767596876
A_prioritized_slower,16,1,1.4000000000000001,2.0,2.1344393900506993,1.4709188088193257,3.605358198870025,1.6471691045473649,1.9381300976580722,1.7926496011027186,6.06082608580342,0.013044349954836953,0.006144548990731672
A_prioritized_slower,16,1,1.4000000000000001,2.2,2.216620533851046,1.401249737593787,3.617870271444836,1.6596477746371863,1.9325144410300041,1.7960811078335952,5.921978468062662,0.01487414591376216,0.006816853886401793
A_prioritized_slower,16,1,1.4000000000000001,2.4000000000000004,2.289518094063307,1.3371060956204106,3.6266241896837155,1.6696772964145097,1.926728306004528,1.7982028012095188,5.798136757990694,0.016788718021686893,0.007475198313536816
A_prioritized_slower,16,1,1.4000000000000001,2.6,2.3545983030708437,1.2781065170726453,3.632704820143488,1.6778312363748662,1.9209489448349766,1.7993900906049214,5.686825249635756,0.018725138358255636,0.008101554993160197
A_prioritized_slower,16,1,1.4000000000000001,2.8000000000000003,2.4130408172240214,1.2238139053789625,3.6368547226029837,1.684529582908603,1.9152843865709182,1.7999069847397606,5.586237824681795,0.02064494857924816,0.008687641425952084
A_prioritized_slower,16,1,1.4000000000000001,3.0,2.465802319970657,1.1737885881984467,3.6395909081691027,1.6900846247457926,1.909798835975531,1.7999417303606617,5.494968699576434,0.022525134422600384,0.009230875601376256
A_prioritized_slower,16,1,1.6,0.0,0.4341531770806279,1.6834256481003773,2.117578825181008,0.7644398601911505,1.3662966231345024,1.0653682416628265,1.8749493125070318,0.013270324447837524,0.001981011023012966
A_prioritized_slower,16,1,1.6,0.2,0.6009311000414574,1.8828494495036687,2.483780549545128,0.9678249588406297,1.5849790109827402,1.276401984911685,4.114553131952311,0.02237790999408875,0.003982084285513819
A_prioritized_slower,16,1,1.6,0.4,0.8133606695500799,2.003644178691646,2.8170048482417234,1.1709262744282474,1.7558603270120885,1.4633933007201678,6.27256775986774,0.02309943686323413,0.005094255752274112
A_prioritized_slower,16,1,1.6,0.6000000000000001,1.032990247753311,2.0311893795344687,3.064179627287776,1.320150524272798,1.8516818252225602,1.585916174747679,7.185669066506144,0.019584209937237942,0.0053115891699475025
A_prioritized_slower,16,1,1.6,0.8,1.237859518608608,1.999312490694541,3.23717200930315,1.4235714023348713,1.902503379096833,1.6630373907158522,7.406272647181295,0.01556606033938761,0.005088077928216254
A_prioritized_slower,16,1,1.6,1.0,1.421126025953091,1.9370837233525662,3.3582097493056566,1.4956108489004887,1.928613245648073,1.7121120472742808,7.315240995982517,0.012391964742448998,0.0047653364121086365
A_prioritized_slower,16,1,1.6,1.2000000000000002,1.5823102783436944,1.8613331893153153,3.4436434676590073,1.5466720740434077,1.9408010213051359,1.7437365476742719,7.102969201860185,0.010375559038251355,0.004551286897968726
A_prioritized_slower,16,1,1.6,1.4000000000000001,1.723198425919946,1.7810783130117873,3.504276738931733,1.5837683046175082,1.9451381133443701,1.7644532089809393,6.867844544073918,0.009457965784447082,0.004546857416701746
A_prioritized_slower,16,1,1.6,1.6,1.8462965710709909,1.7011326356908878,3.5474292067618776,1.6114844034978257,1.9451122094806588,1.7782983064892424,6.650796658188763,0.009439430388747987,0.004766800089499102
A_prioritized_slower,16,1,1.6,1.8,1.9541827340336073,1.6240361312228992,3.5782188652565043,1.6327303582167463,1.9426747925989805,1.7877025754078635,6.461405091396709,0.010086909017992125,0.005171244414605468
A_prioritized_slower,16,1,1.6,2.0,2.0492120642054146,1.5510432572710489,3.6002553214764643,1.6493530645916223,1.9388988737250317,1.7941259691583271,6.297213559775313,0.011191051426161985,0.0056999634276060146
A_prioritized_slower,16,1,1.6,2.2,2.1334074995875154,1.482664226446081,3.616071726033595,1.6625623444180513,1.93438494007515,1.7984736422466008,6.153280175570657,0.012587969892339752,0.006296098579157081
A_prioritized_slower,16,1,1.6,2.4000000000000004,2.208451942583642,1.4189837039893503,3.6274356465729927,1.6731872934293155,1.9294847220072808,1.801336007718298,6.025348671390441,0.014159510910347674,0.006916303261237117
A_prioritized_slower,16,1,1.6,2.6,2.275726094371698,1.359853683942154,3.6355797783138524,1.6818199321599394,1.9244149121040255,1.8031174221319826,5.910345531941601,0.0158246266113012,0.00753174759796863
A_prioritized_slower,16,1,1.6,2.8000000000000003,2.3363592260224313,1.3050091793911625,3.6413684054135937,1.6888958885745737,1.9193138475290892,1.8041048680518315,5.806122820867271,0.01752936031556814,0.008125236847154063
A_prioritized_slower,16,1,1.6,3.0,2.3912776347409936,1.2541358263563527,3.645413461097347,1.6947422369645069,1.9142710170337394,1.8045066269991232,5.711133543641902,0.019238468884769207,0.008687652803909271
A_prioritized_slower,16,1,1.8,0.0,0.4250595319919475,1.6812848895788384,2.1063444215707885,0.766029715471001,1.353135652667843,1.059582684069422,1.8400749839200736,0.012987897949310365,0.0019379494590303493
A_prioritized_slower,16,1,1.8,0.2,0.5806290926378747,1.8770628633319875,2.4576919559698625,0.962701178281084,1.5610751053060443,1.2618881417935641,3.949918069517687,0.022281923064093198,0.0039217712024744444
A_prioritized_slower,16,1,1.8,0.4,0.7766248772118034,2.0029756875036644,2.77960056471547,1.1607198953431885,1.7297978205873517,1.44525885796527,6.108529097525009,0.02393013951288711,0.005164732286668564
A_prioritized_slower,16,1,1.8,0.6000000000000001,0.9809303607546525,2.043193290149017,3.0241236509036686,1.3096384091181186,1.829680868182699,1.5696596386504087,7.143097792056426,0.021135773991225,0.005564051062255378
A_prioritized_slower,16,1,1.8,0.8,1.1741542378420675,2.025281665734181,3.19943590357625,1.4147366663404992,1.8855033946163229,1.6501200304784112,7.47987568391177,0.01735192753923655,0.005472947027753672
A_prioritized_slower,16,1,1.8,1.0,1.349503409552125,1.9754472157835514,3.324950625335674,1.489124794014116,1.916258976227671,1.7026918851208934,7.476857678388209,0.014020345764044713,0.005189629438598656
A_prioritized_slower,16,1,1.8,1.2000000000000002,1.5058871711161055,1.9098744836210768,3.4157616547371816,1.5425182108086801,1.932362727684357,1.7374404692465184,7.316448580538836,0.011579407317256058,0.004913436453863233
A_prioritized_slower,16,1,1.8,1.4000000000000001,1.6443529203452447,1.8376359109491878,3.4819888312944327,1.581557491119305,1.939755481831226,1.7606564864752654,7.100750088355019,0.01008717510363449,0.004767199578480131
A_prioritized_slower,16,1,1.8,1.6,1.7667009959999067,1.7637700773374718,3.5304710733373796,1.6107596917680826,1.942016324810329,1.7763880082892058,6.883803143665814,0.009447531814245722,0.00480703331424878
A_prioritized_slower,16,1,1.8,1.8,1.8749281435888725,1.691092783334019,3.5660209269228957,1.6331320484936374,1.9412959840004738,1.7872140162470556,6.687247553284889,0.009502214851229925,0.005034086082863073
A_prioritized_slower,16,1,1.8,2.0,1.97096748363583,1.6211515618037553,3.5921190454395835,1.6506389548396003,1.9388503383366003,1.7947446465881003,6.515152741809085,0.0100820502544078,0.0054147232205305415
A_prioritized_slower,16,1,1.8,2.2,2.0565630868550557,1.5547384369718893,3.611301523826944,1.6645702175535697,1.9354022870316496,1.7999862522926096,6.364769489821327,0.011035879694492655,0.005902101063296285
A_prioritized_slower,16,1,1.8,2.4000000000000004,2.133224083845899,1.4921862877559091,3.625410371601808,1.675797721431654,1.931374486736718,1.8035861040841858,6.231964875977662,0.012242233775927536,0.0064514602012621415
A_prioritized_slower,16,1,1.8,2.6,2.202225736014112,1.4335517079849536,3.63577744399906,1.6849348405010862,1.927024139174994,1.8059794898380401,6.113165109024955,0.013609879442028978,0.0070272851651690706
A_prioritized_slower,16,1,1.8,2.8000000000000003,2.2646334587268364,1.378731014821831,3.6433644735486657,1.6924295587767668,1.9225153295538744,1.8074724441653207,6.0057154794097265,0.015073189324697697,0.007604606348108882
A_prioritized_slower,16,1,1.8,3.0,2.321334359475202,1.3275336013514123,3.6488679608266157,1.6986185674840444,1.9179567564089481,1.8082876619464963,5.90772474825595,0.016586228859039345,0.008167449266409518
A_prioritized_slower,16,1,2.0,0.0,0.41709903146924115,1.6793873545638651,2.0964863860331056,0.7672850100232699,1.341728425555491,1.0545067177893805,1.809863262127715,0.01274232070628854,0.0019003702979551653
A_prioritized_slower,16,1,2.0,0.2,0.5633183934710457,1.87175749517862,2.435075888649666,0.9580793973407904,1.5403623330742575,1.249220865207524,3.808132764807463,0.02214433119579265,0.003860397865392561
A_prioritized_slower,16,1,2.0,0.4,0.7456015527274723,2.001134201915153,2.746735754642626,1.1512549329307238,1.7063911418476403,1.428823037389182,5.947411382557132,0.024547694757521978,0.005199184412422062
A_prioritized_slower,16,1,2.0,0.6000000000000001,0.9366783637989701,2.051395880789664,2.9880742445886352,1.2995393087287808,1.8092538842390031,1.554396596483892,7.077023722338488,0.022430609638743947,0.005752629389617844
A_prioritized_slower,16,1,2.0,0.8,1.1193657757168152,2.0452333491681602,3.164599124884972,1.4058805034078878,1.869198262066435,1.6375393827371614,7.513955828804633,0.01895774116595595,0.005794183358565551
A_prioritized_slower,16,1,2.0,1.0,1.287086085884165,2.0062468453259417,3.2933329312101085,1.4822007279443445,1.9039267003151394,1.693063714129742,7.593539604223236,0.015615225151629941,0.005583037484012484
A_prioritized_slower,16,1,2.0,1.2000000000000002,1.4383837529026144,1.9498788291801057,3.3882625820827172,1.537667502436163,1.9235344491048816,1.7306009757705223,7.4912072020443965,0.012928026506883853,0.005302088214982003
A_prioritized_slower,16,1,2.0,1.4000000000000001,1.573819577173815,1.8851555909156628,3.45897516808948,1.5785766013413307,1.9338141151544788,1.7561953582479046,7.306400655075195,0.011032779024765701,0.005076535002042203
A_prioritized_slower,16,1,2.0,1.6,1.6946984590370318,1.8172532765830298,3.5119517356200594,1.6092879292493592,1.938322004844915,1.7738049670471372,7.0987051172057285,0.009907042424166913,0.00498322435910906
A_prioritized_slower,16,1,2.0,1.8,1.802567692457474,1.749165725105318,3.551733417562793,1.632818651342878,1.939307172951504,1.786062912147191,6.899302896811202,0.009456130403073871,0.005053999972908198
A_prioritized_slower,16,1,2.0,2.0,1.8989947658618624,1.682632113717533,3.5816268795793924,1.6512185603975116,1.9381689642924498,1.7946937623449806,6.720018283106425,0.009556114047946518,0.00528369663968019
A_prioritized_slower,16,1,2.0,2.2,1.9854538335664047,1.6186397233395704,3.6040935569059758,1.6658630290457457,1.9357542781637331,1.8008086536047394,6.562271476326828,0.01008077008421395,0.005643864290222821
A_prioritized_slower,16,1,2.0,2.4000000000000004,2.063269057187131,1.557707752987474,3.6209768101746063,1.677682004733916,1.9325696302606865,1.8051258174973013,6.423405791140541,0.010917391434842261,0.006097077925222763
A_prioritized_slower,16,1,2.0,2.6,2.133594977145245,1.5000591582666651,3.633654135411912,1.6873211118431704,1.9289221257440379,1.8081216187936042,6.299960720137051,0.011973472651377107,0.006607266555967451
A_prioritized_slower,16,1,2.0,2.8000000000000003,2.1974201794396047,1.4457309497303472,3.643151129169951,1.6952447382867106,1.9250046084845862,1.8101246733856484,6.188921182172165,0.013177253373818875,0.007144906950085605
A_prioritized_slower,16,1,2.0,3.0,2.2555831760733533,1.3946469370766257,3.6502301131499797,1.701798524225083,1.9209435723781372,1.81137104830161,6.0879863934088005,0.014475127591098752,0.007688319304641403
A_prioritized_slower,16,1,2.2,0.0,0.4100604403918131,1.6776951258763821,2.0877555662681946,0.76828869476655,1.331734984995205,1.0500118398808775,1.78340431516748,0.012526738935566103,0.0018672774467450779
A_prioritized_slower,16,1,2.2,0.2,0.5483473395323208,1.866899759251441,2.4152470987837638,0.9538953449673732,1.5222292962453796,1.2380623206063763,3.684989419970921,0.021984168981615766,0.0038001417649294105
A_prioritized_slower,16,1,2.2,0.4,0.7190162687477074,1.9985982728252554,2.7176145415729636,1.1424871322316137,1.6852731801320673,1.4138801561818406,5.792615589104604,0.025006453534957875,0.005209040034841626
A_prioritized_slower,16,1,2.2,0.6000000000000001,0.8985882235130734,2.0569041250314903,2.9554923485445643,1.2898934643358366,1.790274659239008,1.5400840617874223,6.99592765997466,0.023511291992520295,0.005891607567490376
A_prioritized_slower,16,1,2.2,0.8,1.0717723756552748,2.0606886599077106,3.1324610355629847,1.3971451531233454,1.8536384498495415,1.6253918014864435,7.518963540945921,0.02038462711330158,0.006057765385767839
A_prioritized_slower,16,1,2.2,1.0,1.2322891180677908,2.0312225196065823,3.263511637674377,1.4750549152010481,1.891778412875378,1.683416664038213,7.673482665832816,0.01712233301882719,0.005932889027488927
A_prioritized_slower,16,1,2.2,1.2000000000000002,1.3784650792834692,1.9831577571576913,3.3616228364411627,1.5323247759719953,1.9144866034993995,1.7234056897356975,7.629715916363374,0.014312149521660931,0.005682804167374828
A_prioritized_slower,16,1,2.2,1.4000000000000001,1.5105290932866375,1.9253965656614667,3.4359256589481046,1.5749705171753585,1.9274356804350414,1.7512030988051999,7.483125068106425,0.01214712933004686,0.0054265642043112945
A_prioritized_slower,16,1,2.2,1.6,1.6294370839148749,1.8631957957062633,3.492632879621134,1.6071736997578119,1.9341178039981481,1.77064575187798,7.293626507721578,0.010656278513133575,0.005247494008718251
A_prioritized_slower,16,1,2.2,1.8,1.736401550997358,1.7996743441733174,3.5360758951706743,1.6318936426900712,1.9368010260282202,1.7843473343591456,7.097802309487157,0.009793172833190353,0.005195421127685768
A_prioritized_slower,16,1,2.2,2.0,1.832693969118941,1.7367036106825648,3.569397579801505,1.6512143754184703,1.936970400315819,1.7940923878671446,6.914287023501572,0.00947453267717705,0.00528824489770492
A_prioritized_slower,16,1,2.2,2.2,1.9195483880046107,1.6754057685071013,3.5949541565117094,1.6665801574934607,1.9355764273317664,1.8010782924126136,6.749643254715993,0.009602869808616465,0.005517938892333311
A_prioritized_slower,16,1,2.2,2.4000000000000004,1.9981087192159503,1.616434383822361,3.6145431030383084,1.6789838814507858,1.9332122212146214,1.8060980513327036,6.603988903406262,0.010081715238596033,0.005860272597834984
A_prioritized_slower,16,1,2.2,2.6,2.069402115810658,1.5601402026900348,3.629542318500694,1.6891141785734958,1.9302442351473874,1.8096792068604417,6.474895333095027,0.010824784339426958,0.006284694326722755
A_prioritized_slower,16,1,2.2,2.8000000000000003,2.13433077560415,1.506675621626751,3.6410063972309015,1.697460220247431,1.9269015828017437,1.8121809015245873,6.359451578796788,0.011760014293730867,0.006761570601208603
A_prioritized_slower,16,1,2.2,3.0,2.193675981916168,1.4560640415471073,3.649740023463274,1.7043806334741842,1.923331976961501,1.8138563052178425,6.255099539089617,0.012830027286423015,0.007266043044305798
A_prioritized_slower,16,1,2.4000000000000004,0.0,0.4037841389149765,1.6761776225321907,2.0799617614471684,0.7690995193430018,1.3229003801919514,1.0459999497674766,1.7600176719992995,0.012335915324999962,0.0018379042986552906
A_prioritized_slower,16,1,2.4000000000000004,0.2,0.5352470029697233,1.8624491974019517,2.3976962003716706,0.9500929042786723,1.5062133179042858,1.228153111091479,3.577177249510303,0.02181303433950172,0.0037421206656515476
A_prioritized_slower,16,1,2.4000000000000004,0.4,0.6959525015042998,1.9956655080420131,2.691618009546312,1.134365510486378,1.666138408666401,1.4002519595763894,5.645829570677666,0.02534573346928167,0.005202049687588772
A_prioritized_slower,16,1,2.4000000000000004,0.6000000000000001,0.8654447079203945,2.0604722903378994,2.9259169982582947,1.28071225715111,1.7726189763363538,1.526665616743732,6.905577554241599,0.024414812215940714,0.005992295899475116
A_prioritized_slower,16,1,2.4000000000000004,0.8,1.030055806664577,2.072728038930353,3.1027838455949306,1.3886116808434696,1.8388288714915924,1.6137202761675309,7.502622825924243,0.02164582382851151,0.006271895910222749
A_prioritized_slower,16,1,2.4000000000000004,1.0,1.183841970156849,2.0516441161302352,3.2354860862870845,1.4678360375810549,1.8799171835101054,1.6738766105455802,7.724253308569025,0.018520218413806168,0.006236963862697778
A_prioritized_slower,16,1,2.4000000000000004,1.2000000000000002,1.3250055972624222,2.011070990850495,3.3360765881129173,1.5266611215796444,1.9053613828350853,1.7160112522073647,7.736345586533959,0.01567143793233341,0.006037828705587186
A_prioritized_slower,16,1,2.4000000000000004,1.4000000000000001,1.4535412813670872,1.959726948759431,3.4132682301265196,1.5708789836567048,1.9207405807286622,1.7458097821926835,7.6311759070658765,0.013335846405543956,0.005784889274386335
A_prioritized_slower,16,1,2.4000000000000004,1.6,1.5701532187392475,1.902904385960328,3.4730576046995787,1.6045117188165543,1.9294849968149175,1.7669983578157358,7.4667066149433525,0.011579692740080492,0.0055602626957397564
A_prioritized_slower,16,1,2.4000000000000004,1.8,1.6758063100016936,1.8438138490612364,3.5196201590629306,1.6304285697653202,1.9338397566631245,1.7821341632142222,7.28128489290612,0.010391725554175878,0.0054215796765095066
A_prioritized_slower,16,1,2.4000000000000004,2.0,1.7715412458268456,1.784425159776679,3.5559664056035194,1.6507009228889569,1.9353229642618586,1.7930119435754077,7.098136152838952,0.009721279122318852,0.005401838471799234
A_prioritized_slower,16,1,2.4000000000000004,2.2,1.8583908130731455,1.7259577520176848,3.584348565090828,1.6668115057142554,1.934954879928166,1.8008831928212108,6.928683662970681,0.009497799014301922,0.0055105984189105835
A_prioritized_slower,16,1,2.4000000000000004,2.4000000000000004,1.9373353754351104,1.669161921430838,3.6064972968659466,1.6798072621715912,1.9334043066897617,1.8066057844306764,6.776554867304444,0.009643820760430043,0.005738690191825924
A_prioritized_slower,16,1,2.4000000000000004,2.6,2.009277327351258,1.6144835444457204,3.6237608717969776,1.690423779994625,1.9310997813129556,1.8107617806537903,6.641231732157527,0.010084059883484741,0.006065311318092046
A_prioritized_slower,16,1,2.4000000000000004,2.8000000000000003,2.07502834319818,1.562165403678783,3.6371937468769637,1.699182678916072,1.9283135813147765,1.8137481301154241,6.520547101180091,0.010750987117068726,0.006465076637284876
A_prioritized_slower,16,1,2.4000000000000004,3.0,2.135306308102159,1.51231327849239,3.6476195865945518,1.7064619409139135,1.9252204828141994,1.8158412118640563,6.412037384095276,0.011587375631277114,0.006913247982497367
A_prioritized_slower,16,1,2.6,0.0,0.39814679500756417,1.6748099370748273,2.072956732082392,0.7697601271298876,1.315029053423193,1.0423945902765404,1.7391825264853051,0.01216577586847685,0.0018116509466120738
A_prioritized_slower,16,1,2.6,0.2,0.5236700319067092,1.8583651583115641,2.382035190218279,0.9466239152886201,1.4919575094513997,1.2192907123700099,3.482084879222045,0.0216380813979715,0.003686866080472215
A_prioritized_slower,16,1,2.6,0.4,0.6757335152234024,1.9925244536299018,2.6682579688533026,1.1268377089965427,1.648731060696411,1.3877843848464768,5.507737557055196,0.025594281000113416,0.005183536958181566
A_prioritized_slower,16,1,2.6,0.6000000000000001,0.836332443185723,2.0626263074259756,2.898958750611698,1.2719915006333335,1.7561708520026607,1.514081176317997,6.8099567567152715,0.025172012675202117,0.0060634259078743875
A_prioritized_slower,16,1,2.6,0.8,0.9931952995470124,2.082136118982329,3.0753314185293408,1.38032517588456,1.8247508085636286,1.6025379922240943,7.4705945724221685,0.022758387591582593,0.006444640234381274
A_prioritized_slower,16,1,2.6,1.0,1.1407260596557358,2.0684567094796478,3.209182769135382,1.4606421558578133,1.868402406949492,1.6645222814036527,7.752124383036255,0.019803880742509567,0.0064978210649464935
A_prioritized_slower,16,1,2.6,1.2000000000000002,1.2770654189172248,2.0346518834696177,3.31171730238684,1.5208092248607812,1.8962668535572393,1.7085380392090102,7.816033516441442,0.016974290086089,0.006359657376373206
A_prioritized_slower,16,1,2.6,1.4000000000000001,1.4020387379046984,1.989212888990854,3.391251626895554,1.566429911935872,1.9138403381077131,1.7401351250217925,7.752510454523495,0.014540689179861746,0.006131967048865458
A_prioritized_slower,16,1,2.6,1.6,1.5161630477572288,1.937429414647604,3.4535924624048318,1.6013972984604894,1.9245075568321222,1.7629524276463058,7.6172153343852615,0.012597926459759285,0.005892434800419896
A_prioritized_slower,16,1,2.6,1.8,1.6202178543013936,1.8825778925068748,3.5027957468082684,1.6284873359650645,1.9304793025130758,1.7794833192390702,7.44803996076892,0.011160590776257504,0.005700077563705302
A_prioritized_slower,16,1,2.6,2.0,1.7150663653241964,1.8267055560448666,3.5417719213690604,1.649729149833487,1.9332721303660596,1.7915006400997733,7.270443973401498,0.010202832736223166,0.00559577126809391
A_prioritized_slower,16,1,2.6,2.2,1.801578700810914,1.7711066367545438,3.57268533756546,1.6666124933290003,1.9339415482528757,1.800277020790938,7.099536511635927,0.00967672246095205,0.005601593346432033
A_prioritized_slower,16,1,2.6,2.4000000000000004,1.8805943918795192,1.7166034717543073,3.5971978636338298,1.6802199110812772,1.9332117177342267,1.806715814407752,6.94244463326511,0.009523203961052083,0.005721979946055361
A_prioritized_slower,16,1,2.6,2.6,1.9529008978675013,1.6637126629341756,3.616613560801682,1.6913291197913884,1.9315672816254092,1.8114482007083987,6.801108829891849,0.0096800003078434,0.0059474969380665385
A_prioritized_slower,16,1,2.6,2.8000000000000003,2.0192209025602437,1.6127460382154262,3.6319669407756674,1.700497291733436,1.9293260661409168,1.8149116789371764,6.674716400401527,0.010087283604105489,0.006260141603392322
A_prioritized_slower,16,1,2.6,3.0,2.080206235447249,1.563875001838086,3.644081237285332,1.7081273026426371,1.926694978295477,1.8174111404690572,6.561353881783645,0.010691205993650253,0.006638508807521561
A_prioritized_slower,16,1,2.8000000000000003,0.0,0.39305130833209057,1.6735715964781654,2.066622904810254,0.770302119811932,1.307968126455184,1.039135123133558,1.7204924563704522,0.012013101611972834,0.0017880409566533885
A_prioritized_slower,16,1,2.8000000000000003,0.2,0.5133528310765093,1.8546095692944151,2.367962400370923,0.9434473176509289,1.4791819410958689,1.211314629373399,3.3976392176897328,0.021463737157177663,0.0036345808562897497
A_prioritized_slower,16,1,2.8000000000000003,0.4,0.6578482102434665,1.9892959623010078,2.6471441725444746,1.1198528582167413,1.632835795420398,1.3763443268185696,5.378439017804494,0.02577335322417637,0.005157202534453685
A_prioritized_slower,16,1,2.8000000000000003,0.6000000000000001,0.810549288194599,2.063740021437897,2.8742893096324957,1.2637183131516048,1.7408242690465727,1.5022712910990887,6.7118422517050895,0.025808188194539665,0.006111688261968397
A_prioritized_slower,16,1,2.8000000000000003,0.8,0.9603906738756668,2.089493466076683,3.0498841399523533,1.3723095141143589,1.8113741683520457,1.5918418412332023,7.4270589924188775,0.023739656087613876,0.006583123454192768
A_prioritized_slower,16,1,2.8000000000000003,1.0,1.1021212571480303,2.082376127552949,3.1844973847009777,1.4535365688047113,1.8572643568875935,1.6554004628461523,7.762059137822845,0.020976340649849323,0.0067198563151497775
A_prioritized_slower,16,1,2.8000000000000003,1.2000000000000002,1.2338629915960062,2.0546968205959733,3.2885598121919806,1.5148666802652853,1.887279440014519,1.701073060139902,7.873443740059779,0.018205602554233907,0.006646528989869933
A_prioritized_slower,16,1,2.8000000000000003,1.4000000000000001,1.3553175594114615,2.014691230217769,3.3700087896292303,1.561732255507209,1.9068298192132433,1.7342810373602262,7.850047787747693,0.015726827869197314,0.0064572721200552305
A_prioritized_slower,16,1,2.8000000000000003,1.6,1.4668588926287758,1.9676143964428232,3.434473289071599,1.5979237067901217,1.919269064264076,1.758596385527099,7.745715418639167,0.013658076338286702,0.006224520488444019
A_prioritized_slower,16,1,2.8000000000000003,1.8,1.5691245537327787,1.9167863136050738,3.4859108673378523,1.6261356514760927,1.9267785676719345,1.7764571095740136,7.596976163816521,0.012033668288195078,0.006005371584864165
A_prioritized_slower,16,1,2.8000000000000003,2.0,1.6628407640542753,1.864316149985191,3.5271569140394656,1.6483435702353613,1.9308576584169106,1.7896006143261358,7.429745330626321,0.010846417528366167,0.005843432651856704
A_prioritized_slower,16,1,2.8000000000000003,2.2,1.7487484243046496,1.811558923321621,3.560307347626273,1.6660206751190056,1.9325708185486572,1.7992957468338315,7.261341638154406,0.010066315130638862,0.00576817770742072
A_prioritized_slower,16,1,2.8000000000000003,2.4000000000000004,1.827569895679795,1.7593935969545749,3.586963492634369,1.6802641613442242,1.932674901788762,1.806469531566493,7.101778775429236,0.009650364654354945,0.0057943842647718005
A_prioritized_slower,16,1,2.8000000000000003,2.6,1.8999915369827094,1.708390801454001,3.60838233843671,1.6918824454237569,1.9316981449503017,1.8117902951870293,6.955548475980645,0.009549217555384867,0.005923290724467282
A_prioritized_slower,16,1,2.8000000000000003,2.8000000000000003,1.9666530620671,1.6589150489619326,3.6255681110290325,1.7014656103801686,1.9300005960303768,1.8157331032052726,6.823601141341182,0.00971221386864619,0.006145647862248589
A_prioritized_slower,16,1,2.8000000000000003,3.0,2.0281411736512283,1.611188959569056,3.6393301332202816,1.7094438426822434,1.9278232671374167,1.81863355490983,6.7050077791982705,0.010091050080739976,0.006445757556204108
A_prioritized_slower,16,1,3.0,0.0,0.38841999295427476,1.6724456295611234,2.060865622515399,0.770749336723498,1.3015961270680128,1.0361727318957554,1.7036249944615156,0.01187531394036305,0.0017666909642930935
A_prioritized_slower,16,1,3.0,0.2,0.5040912231389415,1.8511479278523042,2.355239150991245,0.9405281471194507,1.4676637899436595,1.204095968531555,3.3221810060312107,0.021292719424538885,0.003585283512694123
A_prioritized_slower,16,1,3.0,0.4,0.6419029668367655,1.9860578584550628,2.6279608252918285,1.1133630496642182,1.618270316910453,1.3658166832873357,5.257700180163297,0.025898844172860487,0.005125645915295248
A_prioritized_slower,16,1,3.0,0.6000000000000001,0.7875478225450618,2.0640835284575365,2.8516313510025957,1.2558749411438468,1.726483184685756,1.4911790629148014,6.6131759406497554,0.026343962563149283,0.006142210938384192
A_prioritized_slower,16,1,3.0,0.8,0.9310070099466486,2.095236552596259,3.0262435625429136,1.3645757811850354,1.79866399478871,1.5816198879868728,7.375140827351358,0.02460580902634688,0.00669336380744387
A_prioritized_slower,16,1,3.0,1.0,1.0673628831268296,2.0939529758778312,3.161315859004659,1.44655964907898,1.846514990809124,1.646537319944052,7.757922452248097,0.02204430918521343,0.006907883078055899
A_prioritized_slower,16,1,3.0,1.2000000000000002,1.1947485232014188,2.0718280202266004,3.2665765434280214,1.5089029825063651,1.8784503054411101,1.6936766439737376,7.912614150473576,0.019359617658257416,0.0068996370878665406
A_prioritized_slower,16,1,3.0,1.4000000000000001,1.312775232559752,2.0368251990829314,3.349600431642688,1.556873520088388,1.899784298425869,1.7283289092571286,7.926995655117714,0.01687420814993208,0.006756045393407311
A_prioritized_slower,16,1,3.0,1.6,1.4217051530170846,1.9941392213216937,3.4158443743387745,1.5941764655549056,1.9138466554228046,1.754011560488855,7.853731269764306,0.014725709241671254,0.006544534282773212
A_prioritized_slower,16,1,3.0,1.8,1.5220644640112744,1.9471138099651015,3.469178273976378,1.6234409807629933,1.9227991502079484,1.7731200654854709,7.727908363877127,0.012964284392432277,0.006318975540573392
A_prioritized_slower,16,1,3.0,2.0,1.6144721314803008,1.8979068986728727,3.5123790301531734,1.6465902349036419,1.92812148217162,1.787355858537631,7.574883332148175,0.011597039633794536,0.006122644868331819
A_prioritized_slower,16,1,3.0,2.2,1.699566665729042,1.8479243704347603,3.5474910361638017,1.6650680312760873,1.9308718646437162,1.7979699479599018,7.412881895882887,0.01060782333058098,0.005988374215564478
A_prioritized_slower,16,1,3.0,2.4000000000000004,1.7779747824359597,1.7980920469841555,3.576066829420114,1.6799685326873715,1.931820619321114,1.8058945760042429,7.25389472897583,0.009966823832878478,0.005937638532887005
A_prioritized_slower,16,1,3.0,2.6,1.8502967174971574,1.7490237292720225,3.599320446769182,1.6921168365580581,1.931524555908746,1.811820696233402,7.104653659576758,0.009636328931663916,0.005980227253187564
A_prioritized_slower,16,1,3.0,2.8000000000000003,1.917097942795117,1.7011250182103492,3.6182229610054657,1.7021287119626831,1.9303780696602868,1.816253390811485,6.96799479715032,0.009574978418985976,0.006115370929075989
A_prioritized_slower,16,1,3.0,3.0,1.9789038568075934,1.6546584619476226,3.633562318755217,1.7104602166758256,1.9286544148698583,1.819557315772842,6.8442803286597345,0.009741096244170935,0.00633422854457557
