h12,h21,L_1,L_2,L,W_1,W_2,W,U
0.0,0.0,0.6664653368516356,1.646023841056442,2.312489177908076,0.6665861348021598,1.704184859378683,1.1853854970904214,2.7426355803476454
0.0,0.3,1.644041737612162,1.429177713446956,3.073219451059119,1.057616695153178,2.0344380871141032,1.5460273911336406,3.885484650394748
0.0,0.6,2.114952139637019,1.0238710930117758,3.1388232326487953,1.2459808559278573,1.938116442454231,1.5920486491910442,3.034648797455392
0.0,0.8999999999999999,2.350781623721074,0.8012247266558479,3.152006350376922,1.3403126495395148,1.8753605657411003,1.6078366076403077,2.708020264505004
0.0,1.2,2.49281578371549,0.6633885352657142,3.1562043189812017,1.3971263135232754,1.8348293307828174,1.6159778221530465,2.5486609873331285
0.0,1.5,2.5881199186070387,0.5697416031824609,3.1578615217894996,1.4352479674703003,1.806829272731075,1.6210386201006877,2.4574809890736793
0.0,1.7999999999999998,2.6567169001197373,0.5018900577123944,3.1586069578321325,1.4626867600684241,1.786393519695787,1.6245401398821055,2.3995497367657963
0.0,2.1,2.708577534196373,0.45039880424303996,3.158976338439414,1.4834310136938105,1.7708399520112301,1.6271354828525202,2.3599472574383897
0.0,2.4,2.7492351312238488,0.4099415780758596,3.159176709299707,1.4996940525006741,1.7586121678547875,1.6291531101777308,2.3313781236694506
0.0,2.6999999999999997,2.7820126311188504,0.37728448441870827,3.1592971155375613,1.5128050524553602,1.748749294210478,1.6307771733329193,2.3099040279301644
0.0,3.0,2.8090291772267815,0.3503495596935706,3.159378736920352,1.523611670895809,1.7406272261618265,1.6321194485288177,2.2932325647261504
0.3,0.0,0.5656286648664914,1.6422650509315635,2.207893715798055,0.7245958656931072,1.5377032503952068,1.131149558044157,2.308109603080235
0.3,0.3,1.1945316949975255,1.774900757243254,2.969432452240775,1.1057664623193548,1.9499457468173553,1.5278561045683552,5.59490507100469
0.3,0.6,1.7375649979424101,1.500447822948566,3.238012820890974,1.2927010467508349,1.9404034892768738,1.6165522680138542,4.5228514316935495
0.3,0.8999999999999999,2.0448524133539356,1.2391921878979375,3.284044601251873,1.3747649442510639,1.8895079845389018,1.632136464394983,3.8678682001134446
0.3,1.2,2.2383426311611383,1.0496782661989035,3.288020897360042,1.4207804402311963,1.8477917594110262,1.6342860998211113,3.4904354478002917
0.3,1.5,2.3713784598265457,0.911013119102178,3.282391578928725,1.450407976747076,1.8160082003119784,1.6332080885295273,3.2525126666619975
0.3,1.7999999999999998,2.4684992504897485,0.8061224273970633,3.274621677886812,1.4711698239117634,1.7915288838691905,1.631349353890477,3.0912536655180687
0.3,2.1,2.542548771016227,0.7242626804351189,3.266811451451344,1.486574927230018,1.7722493567184916,1.6294121419742549,2.97569131285983
0.3,2.4,2.6008986317949003,0.6586774745681441,3.2595761063630415,1.498485995180201,1.756726541626315,1.627606268403258,2.8892233541755665
0.3,2.6999999999999997,2.648080718899127,0.6049769534181187,3.253057672317245,1.5079864030677115,1.743982126394273,1.6259842647309921,2.82228559548241
0.3,3.0,2.687034136056078,0.5602054988627335,3.24723963491881,1.515750607368882,1.7333413732997447,1.6245459903343134,2.769031023449147
0.6,0.0,0.5156453199095948,1.6383638014565716,2.1540091213661663,0.7448584706740004,1.460523086264731,1.1026907784693656,2.1101305114882125
0.6,0.3,0.9687715357005234,1.830621794695763,2.7993933303962857,1.1079832570421349,1.8587707723394449,1.4833770146907899,6.063542444928612
0.6,0.6,1.4623209501197458,1.7221319679152411,3.1844529180349883,1.3176486619334897,1.9288456437520398,1.6232471528427648,5.649545921541237
0.6,0.8999999999999999,1.7998505298179357,1.5136359822580536,3.3134865120759898,1.4059493941311847,1.9032342792187822,1.6545918366749834,4.827208149921855
0.6,1.2,2.024453396812503,1.3243609011435153,3.3488142979560194,1.450927442565827,1.8684861210794819,1.6597067818226545,4.306475699871979
0.6,1.5,2.182933929841227,1.1711076673876182,3.3540415972288433,1.4775342488052656,1.8377250779824004,1.657629663393833,3.9614095690385085
0.6,1.7999999999999998,2.300686655077327,1.0485096689231752,3.3491963240005007,1.494890148915115,1.8121359715277856,1.6535130602214503,3.7178406951699965
0.6,2.1,2.3916483067098775,0.9493662077547628,3.341014514464644,1.5070223968083287,1.790999343459765,1.649010870134047,3.5378266310009163
0.6,2.4,2.4640396373235562,0.8679418400886699,3.3319814774122256,1.5159488210415226,1.7734201724182825,1.6446844967299026,3.399987724755249
0.6,2.6999999999999997,2.5230248874623,0.8000397775597345,3.3230646650220335,1.5227781704063004,1.7586432436020027,1.6407107070041516,3.2913877284850064
0.6,3.0,2.572014026144437,0.7426220160648899,3.314636042209329,1.5281652777932349,1.746081861882896,1.6371235698380655,3.203789293833207
0.8999999999999999,0.0,0.4833556910612518,1.6350466013803713,2.1184022924416257,0.7551137815698268,1.4123535727774348,1.0837336771736308,1.9867079136383763
0.8999999999999999,0.3,0.8440842932233528,1.8398559836052486,2.683940276828601,1.0960180823727104,1.7809094866355777,1.438463784504144,5.880195133908536
0.8999999999999999,0.6,1.2669630234829823,1.8214502151884995,3.088413238671482,1.324053192963328,1.9046683613406064,1.6143607771519672,6.459001107223701
0.8999999999999999,0.8999999999999999,1.6017367592313458,1.6796722823558998,3.281409041587245,1.425211495595124,1.907337587852086,1.6662745417236051,5.65886193726123
0.8999999999999999,1.2,1.8427472147254125,1.5170394314681226,3.359786646193534,1.4740790538806057,1.8832630180340202,1.678671035957313,5.016505206814806
0.8999999999999999,1.5,2.0185768157382875,1.3688654421134077,3.3874422578516943,1.5012333691100588,1.8565362082944243,1.6788847887022416,4.581309648361495
0.8999999999999999,1.7999999999999998,2.1515229602754236,1.242088477449902,3.393611437725326,1.5178156493064148,1.8321813872526054,1.67499851827951,4.271779273191066
0.8999999999999999,2.1,2.2554588530545616,1.1351736058862565,3.390632458940818,1.5286020349392944,1.8109491452148874,1.6697755900770908,4.039823648533002
0.8999999999999999,2.4,2.3389550191039805,1.0448388193276985,3.3837938384316795,1.5359607796280266,1.7926267073328788,1.6642937434804526,3.859458932884135
0.8999999999999999,2.6999999999999997,2.4075133198823018,0.9679463890149094,3.3754597088972114,1.5411767922344808,1.7768047669088256,1.6589907795716532,3.7153718054295455
0.8999999999999999,3.0,2.4648185907949887,0.9019076816182868,3.3667262724132763,1.5449916615642092,1.7630771909621386,1.6540344262631739,3.5977947320269252
1.2,0.0,0.46012750877119696,1.6322961114324568,2.0924236202036535,0.7611116282968029,1.378563464263549,1.069837546280176,1.8999692606739618
1.2,0.3,0.7644245357398398,1.838692912354703,2.6031174480945416,1.081618519393953,1.718617793101858,1.4001181562479055,5.545487567883156
1.2,0.6,1.128730618066633,1.869193707976246,2.9979243260428796,1.3190557591084822,1.873899772445038,1.59647776577676,6.901637466223804
1.2,0.8999999999999999,1.4438271293082496,1.7798429970247933,3.223670126333043,1.4349683368277542,1.9037088201082892,1.6693385784680217,6.379256285933022
1.2,1.2,1.6881633058715655,1.6502261609444093,3.338389466815972,1.4906384813127462,1.8923212277271866,1.6914798545199665,5.676558254883856
1.2,1.5,1.8742479724862882,1.517706139477303,3.3919541119635923,1.520131267348935,1.870999616421999,1.695565441885467,5.150087106803435
1.2,1.7999999999999998,2.018158786345199,1.395932336401621,3.4140911227468207,1.5373259004333522,1.8490326081676518,1.693179254300502,4.774038985188547
1.2,2.1,2.132146264601717,1.2883289097521353,3.4204751743538497,1.5479610921794824,1.828761386537311,1.6883612393583967,4.494193974185457
1.2,2.4,2.2245420063038384,1.1944633947220473,3.419005401025885,1.554762690758445,1.8106192321763859,1.6826909614674155,4.276649943323239
1.2,2.6999999999999997,2.3009407094303755,1.11271828988436,3.413658999314734,1.5591966400475472,1.794525525486008,1.6768610827667776,4.1019842184541115
1.2,3.0,2.3651738714453234,1.0413019695518566,3.40647584099718,1.562114301058688,1.7802660039428015,1.6711901525007447,3.95844114097849
1.5,0.0,0.44236434002594943,1.630011922664284,2.0723762626902356,0.7649152812998821,1.3532477888093843,1.0590815350546332,1.8348248763648543
1.5,0.3,0.7084304365856465,1.8346038638863553,2.5430343004720006,1.067937892202326,1.6687942451139461,1.368366068658136,5.21409270265735
1.5,0.6,1.0277489457856226,1.8938702038223982,2.92161914960802,1.3082401062526008,1.8413520445394498,1.5747960753960253,7.061698218670564
1.5,0.8999999999999999,1.3188280566929405,1.842259394709532,3.161087451402471,1.4370488287434626,1.8938633776102602,1.6654561031768615,6.933235318541589
1.5,1.2,1.5577034151929408,1.7425515615508145,3.300254976743753,1.5015477934379868,1.8964230458151285,1.6989854196265577,6.290103973323667
1.5,1.5,1.7476100853050414,1.6290603145982592,3.3766703999033,1.5349383651433806,1.8817486597039432,1.708343512423662,5.697814987723098
1.5,1.7999999999999998,1.8985241189788138,1.5174421982627857,3.4159663172416,1.5535943361635978,1.8628405690488306,1.7082174526062142,5.251114408033459
1.5,2.1,2.0200210484415297,1.4140366322350406,3.4340576806765726,1.5646951640565439,1.8440359291521116,1.7043655466043277,4.918779483375472
1.5,2.4,2.1195180423338384,1.3207312540839085,3.440249296417748,1.5715055311231088,1.8265674180891731,1.699036474606141,4.663177269146116
1.5,2.6999999999999997,2.202379814380206,1.2374391725730076,3.4398189869532136,1.5756887577175227,1.8106843210990433,1.693186539408283,4.459331918108084
1.5,3.0,2.272434621722392,1.1633064967452953,3.4357411184676856,1.5781903010466403,1.7963396705909223,1.6872649858187811,4.292045796361352
1.7999999999999998,0.0,0.4282243826857585,1.62809964490522,2.05632402759098,0.7674562294377596,1.3334460822428718,1.0504511558403156,1.7837440199965147
1.7999999999999998,0.3,0.6665339606007835,1.8297579952890421,2.4962919558898244,1.0556675722907805,1.62833751993994,1.3420025461153602,4.921176188206079
1.7999999999999998,0.6,0.9511656125220328,1.9070955206402063,2.85826113316224,1.2950978138059472,1.809796486160396,1.5524471499831716,7.054164925617041
1.7999999999999998,0.8999999999999999,1.219152574538529,1.8827711918803902,3.1019237664189196,1.4335485876034486,1.879716910342079,1.656632748972764,7.304034125916821
1.7999999999999998,1.2,1.4481772962376787,1.8077132355300056,3.2558905317676845,1.5073008135165331,1.8959435832982579,1.7016221984073954,6.822588970545498
1.7999999999999998,1.5,1.637039626553596,1.7126659125570443,3.349705539110641,1.5460358403145882,1.8890943701318523,1.7175651052232204,6.224336224078605
1.7999999999999998,1.7999999999999998,1.7913364666456988,1.6131932454414941,3.4045297120871942,1.5670909331451686,1.8740460697854426,1.7205685014653056,5.719417708319504
1.7999999999999998,2.1,1.917913580303631,1.5168461281426378,3.434759708446271,1.5791426770184838,1.8571070702975485,1.7181248736580161,5.330931401139438
1.7999999999999998,2.4,2.0228537441308827,1.4269587072888061,3.449812451419686,1.5862790647018512,1.8405708053745062,1.7134249350381787,5.032481553256549
1.7999999999999998,2.6999999999999997,2.110973762708316,1.344655227793121,3.4556289905014372,1.5904974488964434,1.8251432467621895,1.7078203478293164,4.796952352171919
1.7999999999999998,3.0,2.185917372597172,1.269957914332128,3.455875286929302,1.5928683352256665,1.8109697754563578,1.7019190553410122,4.605400280055738
2.1,0.0,0.4166417037325637,1.6264834070404022,2.0431251107729667,0.7692155412623264,1.317473247055749,1.0433443941590377,1.7424454216782674
2.1,0.3,0.6337965639705492,1.8248985962205608,2.4586951601911102,1.044838267352955,1.594928332290568,1.3198832998217616,4.669935938243824
2.1,0.6,0.8911407581431452,1.9141355624401755,2.8052763205833227,1.281399680018468,1.7803761027427056,1.5308878913805868,6.9578887745163795
2.1,0.8999999999999999,1.1385129559254568,1.9100108927960686,3.048523848721526,1.4265198525139755,1.863177491689228,1.6448486721016018,7.5205072283108585
2.1,1.2,1.3561204185100328,1.8548133975547132,3.2109338160647467,1.5086394964538652,1.8915561103905763,1.7000978034222207,7.246947263885488
2.1,1.5,1.5408576476501243,1.776155663484097,3.317013311134223,1.553532622095487,1.893095395128658,1.7233140086120726,6.708458158167273
2.1,1.7999999999999998,1.6956132178336611,1.6888943856824388,3.3845076035161004,1.5779749797716276,1.882779738548497,1.7303773591600624,6.17783614122686
2.1,2.1,1.8250367478970768,1.600873862265455,3.4259106101625325,1.5915877476947897,1.8682491820985396,1.7299184648966648,5.740000192583443
2.1,2.4,1.933826985682344,1.5161458976482551,3.4499728833305965,1.5993641363746878,1.8529132282051828,1.7261386822899354,5.395929828884153
2.1,2.6999999999999997,2.0260625821961527,1.4366265300564292,3.462689112252582,1.6038046265335875,1.838094970132189,1.7209497983328883,5.124672987245845
2.1,3.0,2.1050415619485774,1.363025080955976,3.4680666429045535,1.606200947405707,1.8242243597433079,1.7152126535745076,4.906070657880584
2.4,0.0,0.4069465826775914,1.6251043896106063,2.0320509722881988,0.7704650750017452,1.3042854780190638,1.0373752765104045,1.7082762674408816
2.4,0.3,0.6073912926513768,1.8202920890620125,2.4276833817133907,1.0353062640170512,1.5669066295747396,1.3011064467958953,4.455643212255369
2.4,0.6,0.8427993262813792,1.917629529616783,2.7604288558981604,1.2679721648517004,1.7534086776782782,1.5106904212649894,6.818123923945823
2.4,0.8999999999999999,1.072209146721918,1.928823729342741,3.0010328760646585,1.4175043384358426,1.845649802045528,1.6315770702406853,7.624213004459513
2.4,1.2,1.2782953413836013,1.8896657120847629,3.1679610534683644,1.5065733996286503,1.8842243361585493,1.6953988678935998,7.560202177335342
2.4,1.5,1.4572386521648004,1.8251087468168783,3.2823473989816776,1.5576694028797924,1.8939616658735423,1.7258155343766672,7.128256157929329
2.4,1.7999999999999998,1.6103591153679504,1.7492139900322563,3.3595731054002105,1.5862371263562773,1.8890101658010923,1.737623646078685,6.6128955145673025
2.4,2.1,1.7407493904366178,1.6697468545864,3.4104962450230163,1.6020954032027088,1.8775160901642831,1.739805746683496,6.144716404324793
2.4,2.4,1.851916538693983,1.591035096775035,3.4429516354690164,1.610931957704481,1.8637643851465,1.7373481714254906,5.759071588989672
2.4,2.6999999999999997,1.9471684269318388,1.5154347532107522,3.4626031801425894,1.6158148656314322,1.8497495422848558,1.732782203958144,5.450061323950662
2.4,3.0,2.029362341843407,1.4441221799389026,3.47348452178231,1.6183601950577033,1.8362855437746732,1.7273228694161884,5.2012021159169795
2.6999999999999997,0.0,0.39869250510073917,1.6239172408246665,2.0226097459254055,0.7713687961093914,1.293195675190745,1.0322822356500683,1.6794884298880801
2.6999999999999997,0.3,0.5855715343065209,1.8160244219312385,2.4015959562377605,1.0268960621327954,1.5430793375964178,1.2849876998646066,4.272307214434591
2.6999999999999997,0.6,0.8029945436300621,1.9190068661258068,2.7220014097558693,1.255181697909078,1.7288595479374644,1.4920206229232713,6.659745084694784
2.6999999999999997,0.8999999999999999,1.016840671508725,1.9420638880091825,2.9589045595179067,1.4075033967218367,1.8280075605122679,1.6177554786170523,7.650921363792248
2.6999999999999997,1.2,1.2119631543200255,1.9159895315319546,3.127952685851978,1.5021009358414412,1.8749072556070145,1.6885040957242279,7.776118572269556
2.6999999999999997,1.5,1.384373704073781,1.8634596226511708,3.247833326724953,1.558911289331053,1.8921393568829132,1.7255253231069831,7.472712994294016
2.6999999999999997,1.7999999999999998,1.5345042290203816,1.797780021099915,3.3322842501202983,1.591930629728221,1.8927763767898051,1.7423535032590132,7.008635969698643
2.6999999999999997,2.1,1.6644111498923453,1.7265213617370956,3.3909325116294444,1.6106219627214453,1.8848547775889855,1.7477383701552154,6.536141163002617
2.6999999999999997,2.4,1.7766804481127363,1.6540716697280404,3.4307521178407767,1.6210054024904978,1.8731437443922552,1.7470745734413766,6.1207211468357325
2.6999999999999997,2.6999999999999997,1.8739267939977649,1.582995867019368,3.456922661017135,1.626632853049673,1.8602136075337097,1.7434232302916914,5.776525206704099
2.6999999999999997,3.0,1.9585461452132993,1.5147513507369577,3.473297495950257,1.6294904122116105,1.8473036917469543,1.7383970519792824,5.495934366334657
3.0,0.0,0.39156805482753676,1.6228868247957113,2.0144548796232504,0.7720306177353609,1.2837302454504207,1.0278804315928909,1.6548752562669478
3.0,0.3,0.5671936031406555,1.8121089119766416,2.379302515117299,1.019443195933468,1.522575171900931,1.2710091839171995,4.114478230617783
3.0,0.6,0.7696160397074416,1.919088265911717,2.68870430561916,1.2431728802701747,1.7065584043594557,1.4748656423148152,6.496312663626374
3.0,0.8999999999999999,0.9699513323455864,1.9514943549258068,2.9214456872713916,1.3971265526237482,1.8107466429667085,1.6039365977952285,7.626731901165189
3.0,1.2,1.1549199719015302,1.9362149772258976,3.0911349491274276,1.4960366277701984,1.8643815390634122,1.6802090834168053,7.914111730087651
3.0,1.5,1.3206120702389317,1.8939574755736845,3.214569545812618,1.5578362290019483,1.888192441331713,1.7230143351668308,7.742368680294056
3.0,1.7999999999999998,1.4669585579545747,1.8373267287707356,3.304285286725309,1.595257492520803,1.8942718774662533,1.744764684993528,7.3537273486840515
3.0,2.1,1.595343057076325,1.7736750119972906,3.369018069073611,1.6171514964796299,1.8902430450703542,1.753697270774992,6.9028514209524126
3.0,2.4,1.70768141706285,1.7073626383031664,3.415044055366017,1.6295345579236742,1.8809980896553158,1.755266323789495,6.4747109870427195
3.0,2.6999999999999997,1.806019966574822,1.6410355890989552,3.447055555673776,1.6362621507243107,1.8694908754209707,1.7528765130726407,6.103024082814499
3.0,3.0,1.8923273864744652,1.5763027128311125,3.4686300993055776,1.6396566863083142,1.8573471922817877,1.748501939295051,5.792417285668015
