bound,W_1,W_2,W,Var_W,L_1,L_2,L,h12,h21,CV_W
12,1.199524746417256,2.2049468371022947,1.5346654433122688,4.589747490752886,0.7992871194059288,0.7313937390610605,1.5306808584669895,0.0,0.0,1.395984777318529
12,1.5187045605702316,2.1987149103021193,1.7453746771475274,4.248605244973505,1.2780568406729973,0.4571680507194338,1.7352248913924297,0.0,0.3,1.1809581829369729
12,1.6329526722093783,2.0976004554442063,1.7878352666209874,3.83999676932487,1.4494290081946095,0.3231096592616014,1.7725386674562114,0.0,0.6,1.0960690878452697
12,1.6897785601277715,2.0433756064153696,1.8076442422236374,3.6998417631790717,1.5346678401051688,0.2551849867908098,1.7898528268959777,0.0,0.8999999999999999,1.064090615340433
12,1.7242265918862723,2.010224787057925,1.8195593236101564,3.6348801385943066,1.586339887762886,0.21395929191510607,1.800299179677993,0.0,1.2,1.0478010459322644
12,1.7475305632943259,1.987955751251282,1.827672292613311,3.599110150764887,1.621295844888316,0.18614322319747933,1.8074390680857941,0.0,1.5,1.0380045117567673
12,1.7644341300037796,1.9719964663588967,1.833621575455485,3.5771275288197852,1.6466511949620444,0.16604175932252543,1.8126929542845704,0.0,1.7999999999999998,1.0314721378382485
12,1.777301916929065,1.9600128843388054,1.8382055727323117,3.5625506735748744,1.6659528753571398,0.15080051675033873,1.816753392107479,0.0,2.1,1.026801387465236
12,1.787451163843806,1.9506927306109214,1.8418650194328445,3.552330303602526,1.681176745734834,0.13882663683819124,1.820003382573025,0.0,2.4,1.0232903308191141
12,1.7956766897352483,1.9432425419512496,1.844865307140582,3.5448521985554513,1.6935150345764634,0.12915902152854863,1.8226740561050117,0.0,2.6999999999999997,1.020550270308782
12,1.802487929073355,1.9371547076225235,1.8473768552564112,3.5391931824286518,1.7037318935872783,0.12118226921763237,1.824914162804911,0.0,3.0,1.0183489878100103
12,1.2096213036881773,1.7624506369728752,1.3938977481164099,3.3223685052219967,0.6035653075035282,0.7857868866329003,1.389352194136428,0.3,0.0,1.3076544140146025
12,1.4926469692049826,2.0129331076841845,1.6660756820313831,5.515278893693962,0.9323813590626873,0.7311475684258065,1.6635289274884935,0.3,0.3,1.4095776783488825
12,1.6161002350778697,2.018178451566918,1.7501263072408857,5.223850282396301,1.160201332190316,0.5893055174412025,1.7495068496315185,0.3,0.6,1.305948249788524
12,1.67675068491878,1.9991330502448093,1.7842114733607897,4.941453837456065,1.297299034200026,0.48575979207395836,1.7830588262739844,0.3,0.8999999999999999,1.2458938541855369
12,1.7126015794324945,1.9811617054285109,1.8021216214311666,4.7520991553522105,1.387054722868966,0.4131502256271041,1.8002049484960698,0.3,1.2,1.2096469915891392
12,1.7363645320996821,1.966619681790428,1.813116248663264,4.623162114165375,1.4501529724535387,0.3603064846069956,1.8104594570605348,0.3,1.5,1.1858886467484668
12,1.753331344224009,1.955041740826803,1.820568143091607,4.531336421562789,1.4969105367997815,0.3203359119061638,1.817246448705945,0.3,1.7999999999999998,1.1692468656651263
12,1.7660885789537324,1.945735588398936,1.8259709154354669,4.463159997694814,1.5329568639627311,0.28910834978872835,1.8220652137514592,0.3,2.1,1.1569840510604679
12,1.7760514019318254,1.938143086780856,1.8300819635481687,4.41075614283967,1.561607053803673,0.2640590564989141,1.8256661103025873,0.3,2.4,1.1475879595147038
12,1.7840606000653132,1.9318541277000503,1.8333251092768923,4.369315455215535,1.5849362817432124,0.24352678591430252,1.8284630676575155,0.3,2.6999999999999997,1.1401637101665794
12,1.7906480092479435,1.9265715773587258,1.8359558652848709,4.335769490397931,1.604308964016283,0.22639304087850698,1.8307020048947906,0.3,3.0,1.1341509360983657
12,1.1917164724673566,1.6220247800533036,1.3351525749960054,2.8773341254701963,0.5329960177639448,0.798170626759637,1.3311666445235826,0.6,0.0,1.270469520827509
12,1.4530762105213249,1.8895292641087054,1.5985605617171184,5.483562316646976,0.7765900705501694,0.8126517876568132,1.5892418582069825,0.6,0.3,1.464880835757946
12,1.5888003750242052,1.9502139281433415,1.7092715593972505,5.645355905162548,0.9877199383318838,0.7192993355803949,1.7070192739122783,0.6,0.6,1.3900633625019256
12,1.6592052936831279,1.9595103304289962,1.7593069725984172,5.482346684311157,1.1351429436987488,0.6240389063571694,1.759181850055917,0.6,0.8999999999999999,1.3308883508631495
12,1.7007226070297845,1.956345374650258,1.7859301962366088,5.313809710082919,1.2396110973671133,0.5467473651239484,1.7863584624910627,0.6,1.2,1.290739256035759
12,1.727731696927829,1.950138898214041,1.8018674306898994,5.174148997348069,1.3167195019116233,0.48569936506698697,1.8024188669786108,0.6,1.5,1.2623989656167038
12,1.7466090547627966,1.9435806116977266,1.812266240407773,5.062519230953821,1.3757622921933748,0.4370198256916234,1.8127821178849977,0.6,1.7999999999999998,1.241541790810476
12,1.7605196291901557,1.937464104566367,1.819501120982226,4.973090094032464,1.4223549332625278,0.3975536839730414,1.8199086172355674,0.6,2.1,1.2256341014888819
12,1.7711883900704637,1.931984896573916,1.8247872255716144,4.9005305294724835,1.4600360090688465,0.36501512068876113,1.8250511297576093,0.6,2.4,1.2131355164291642
12,1.779628841349168,1.9271422363177018,1.828799973005346,4.840772050585038,1.4911306939810143,0.3377740084760064,1.8289047024570197,0.6,2.6999999999999997,1.2030705881024377
12,1.7864733732507692,1.922874669493523,1.8319404719983536,4.7908355416843005,1.5172245200991816,0.31465688780217044,1.831881407901352,0.6,3.0,1.194797414177329
12,1.1768092064512101,1.545953927891,1.29985744693114,2.6322394818844206,0.49235650094776123,0.8039364890843553,1.296292990032117,0.8999999999999999,0.0,1.248150551258651
12,1.4197767303228574,1.8044420528532568,1.5479985044996571,5.245569518670235,0.6885127017440184,0.8459700708299844,1.5344827725740013,0.8999999999999999,0.3,1.479536851277825
12,1.5612123377059814,1.8938952444279857,1.6721066399466495,5.768272955218764,0.8752598838601262,0.7901712398983565,1.6654311237584827,0.8999999999999999,0.6,1.4363455395347662
12,1.6389515369824852,1.9225995849720616,1.7335008863123438,5.7346665435402455,1.0190543332088486,0.7123083916904622,1.7313627248993118,0.8999999999999999,0.8999999999999999,1.3814336061285435
12,1.6860798761824802,1.9315326644021058,1.7678974722556886,5.622198417081245,1.1275103513085991,0.6402143401893371,1.767724691497936,0.8999999999999999,1.2,1.341207611436045
12,1.7169993974106246,1.9330299630765937,1.7890095859659474,5.506507263428414,1.2109199981759597,0.5787939807924471,1.7897139789684062,0.8999999999999999,1.5,1.3116725820973605
12,1.7385421738252353,1.9315215161159855,1.8028686212554852,5.4021432643163685,1.2766788182895992,0.527347304273541,1.804026122563141,0.8999999999999999,1.7999999999999998,1.2891960576763095
12,1.7542780279780843,1.9288181293560758,1.812458061770748,5.311498491184565,1.3297168869857554,0.4841622532857523,1.813879140271509,0.8999999999999999,2.1,1.2715708544811584
12,1.766213397204509,1.9257130230526878,1.8193799391539018,5.233622615912179,1.373343143504439,0.4476193135784242,1.8209624570828642,0.8999999999999999,2.4,1.2574125769652151
12,1.775545129739887,1.9225637985488322,1.8245513526762018,5.166719769551175,1.409832721108251,0.41639936748103545,1.8262320885892867,0.8999999999999999,2.6999999999999997,1.2458087082855438
12,1.7830241350354517,1.919530134939788,1.8285261350035638,5.1089785469408335,1.440791763349507,0.3894710854956077,1.8302628488451145,0.8999999999999999,3.0,1.2361348981651004
12,1.165049189458629,1.4971461387663856,1.2757481725612143,2.4738517446554944,0.46511035821276947,0.8073777132414427,1.2724880714542126,1.2,0.0,1.2328830440379537
12,1.3926990146174547,1.7422342471843046,1.5092107588064045,4.981652647790872,0.6312968120650114,0.8625594956955308,1.4938563077605427,1.2,0.3,1.478893256819622
12,1.5364196516473683,1.847651436639638,1.6401635799781247,5.772227684722639,0.7967964674705043,0.8324304170961252,1.6292268845666305,1.2,0.6,1.4648210173155658
12,1.619213205304521,1.8897718772983143,1.709399429302452,5.8623006858523485,0.9325488668377081,0.7714484619366522,1.703997328774361,1.2,0.8999999999999999,1.4164149124700705
12,1.670729044136328,1.9079137546795735,1.7497906143174098,5.802974852986817,1.0399682775657162,0.7077493953433958,1.747717672909111,1.2,1.2,1.376699838887702
12,1.7051112590713955,1.9158102712501162,1.7753442631309688,5.716283305622738,1.125448580621362,0.6495981500794236,1.7750467307007853,1.2,1.5,1.3467106397427147
12,1.7292968242458573,1.918839408001139,1.7924776854976177,5.628603604250035,1.194545867125894,0.5986141707309319,1.7931600378568258,1.2,1.7999999999999998,1.323568962206045
12,1.7470164178392131,1.9194033088718225,1.8044787148500827,5.546620480038692,1.2513543535857912,0.5544053732679503,1.8057597268537418,1.2,2.1,1.305156113013564
12,1.7604351636079352,1.918686639644787,1.813185655620219,5.472167872109763,1.2987978622420029,0.5160743493967282,1.8148722116387317,1.2,2.4,1.2901417552772039
12,1.770880445973361,1.9173107724024296,1.8196905547830504,5.405405625283947,1.3389745880177297,0.48269837236731855,1.8216729603850481,1.2,2.6999999999999997,1.277663840179817
12,1.779201510266065,1.9156138579265205,1.82467229281955,5.345822359871062,1.37341402759184,0.4534663439042781,1.8268803714961193,1.2,3.0,1.267133533135461
12,1.1556602231203388,1.4628798055753471,1.2580667506053416,2.362205062891772,0.4453042925073501,0.8097284866990588,1.2550327792064102,1.5,0.0,1.2216733874504957
12,1.3705743823268497,1.694770738393195,1.4786398343489648,4.739855388335789,0.5907974443638793,0.8718833304057465,1.4626807747696255,1.5,0.3,1.4723807946404803
12,1.514580324635632,1.8091659952975274,1.6127755481895971,5.715102510805481,0.7390821972063382,0.8594751993479524,1.5985573965542892,1.5,0.6,1.4823067354270978
12,1.600938008698894,1.8609009257954738,1.6875923143977538,5.923731955397801,0.8659568889358493,0.8127910798925101,1.6787479688283597,1.5,0.8999999999999999,1.4422155058646862
12,1.6558648846019233,1.8861634048292268,1.7326310580110245,5.917458040156335,0.9700421115064627,0.7579090725731876,1.7279511840796502,1.5,1.2,1.4039818663387118
12,1.6930715220611332,1.8992241252050623,1.7617890564424428,5.857168371653948,1.0552254754412507,0.7045344562941384,1.759759931735389,1.5,1.5,1.373693825839777
12,1.7195536143576793,1.9060942062400263,1.781733811651795,5.78593798406773,1.125578013661727,0.6557316516882095,1.7813096653499383,1.5,1.7999999999999998,1.3500320088086766
12,1.7391212766428128,1.9095691192402244,1.7959372241752831,5.7150146637157615,1.1843972634468143,0.6121146364351427,1.7965118998819567,1.5,2.1,1.3311209614337947
12,1.7540125204413242,1.9110828907046236,1.8063693105290906,5.647678349480625,1.23418728288932,0.5734226913128176,1.8076099742021372,1.5,2.4,1.315613832626998
12,1.765624647034,1.9114306670788865,1.8142266537156286,5.58502340611623,1.276822805914099,0.5391242187716658,1.815947024685764,1.5,2.6999999999999997,1.302629639386786
12,1.7748697248513428,1.9110772770794253,1.8202722422607036,5.527337286768196,1.313713373318078,0.5086476794775485,1.8223610527956258,1.5,3.0,1.2915809679942112
12,1.1480219122060156,1.437401658922508,1.2444818277781797,2.2789790321762458,0.4301478931531902,0.8114734000568491,1.241621293210039,1.7999999999999998,0.0,1.2130581092247168
12,1.3522891481429802,1.6573855662577708,1.4539879541812435,4.5300054632485995,0.5604511941912929,0.877574580564115,1.4380257747554064,1.7999999999999998,0.3,1.4638229585653324
12,1.4953917550970106,1.7766834939710388,1.5891556680550198,5.627398024908363,0.6948540122605016,0.8777377434083621,1.5725917556688638,1.7999999999999998,0.6,1.4927510167711517
12,1.584236668843072,1.8354287108466514,1.6679673495109317,5.942040401374149,0.8132715569307133,0.842762660813728,1.6560342177444412,1.7999999999999998,0.8999999999999999,1.4614375272855475
12,1.641882217984134,1.866337768196982,1.71670073472175,5.991385323665737,0.9131046312109224,0.7961036906778215,1.7092083218887433,1.7999999999999998,1.2,1.425834216871708
12,1.6814176527445135,1.8836340000395613,1.7488231018428628,5.957760597500579,0.9966855092152246,0.7479263255617262,1.7446118347769513,1.7999999999999998,1.5,1.3957114530229129
12,1.7098325471044533,1.8937213926665746,1.7711288289584934,5.901262853716074,1.0669928901115004,0.7021390245355539,1.7691319146470539,1.7999999999999998,1.7999999999999998,1.3715837385705332
12,1.7310104723588766,1.8997032931723212,1.7872414126300247,5.840343818389696,1.1266483205667663,0.6600554536179374,1.786703774184704,1.7999999999999998,2.1,1.3521846087074727
12,1.747243032183334,1.9032045426594837,1.7992302023420506,5.780414163654125,1.1777574066939283,0.6219175285985276,1.7996749352924568,1.7999999999999998,2.4,1.3362654684467492
12,1.7599671064646303,1.9051426678899632,1.8083589602730745,5.723152035017094,1.2219625183210079,0.5875354069499258,1.8094979252709327,1.7999999999999998,2.6999999999999997,1.3229182238945318
12,1.7701296965644242,1.906069272990228,1.8154428887063587,5.669150753514186,1.2605367505184746,0.5565647781797715,1.8171015286982466,1.7999999999999998,3.0,1.3115245117827328
12,1.1416961657623215,1.417678242389302,1.2336901913046483,2.2144375014038085,0.4181251579204383,0.8128412661572224,1.2309664240776608,2.1,0.0,1.2062174361147893
12,1.3369871346169533,1.6271969067440462,1.4337237253259842,4.350751696285952,0.5367759382849661,0.8812649154838388,1.4180408537688038,2.1,0.3,1.4548448367165605
12,1.4784932853888064,1.7489264715960362,1.5686376807912161,5.526324493150471,0.6598623881722129,0.8905944186253337,1.5504568067975468,2.1,0.6,1.4986338846127623
12,1.5690240084543523,1.8128278786108905,1.6502919651731984,5.93115927702697,0.7706131674979365,0.8651562450229978,1.6357694125209337,2.1,0.8999999999999999,1.4757371429714268
12,1.6288472307409396,1.848271975556477,1.7019888123461184,6.03609130742759,0.8659595402679994,0.8258402531202588,1.691799793388259,2.1,1.2,1.4435146616399903
12,1.6703458120736128,1.8691122560381088,1.7366012933951112,6.031495400113416,0.9472606478822405,0.7827675323524087,1.7300281802346493,2.1,1.5,1.4142050389048018
12,1.7004107808051787,1.881935425625355,1.7609189957452374,5.989899867857671,1.0167193840761601,0.740319833143191,1.7570392172193514,2.1,1.7999999999999998,1.389857909131539
12,1.7229755117465453,1.890072139151084,1.778674387548058,5.937865361624146,1.0764215164468023,0.7002810474656213,1.7767025639124228,2.1,2.1,1.3699941780977194
12,1.7403864172597843,1.895310508317738,1.7920277809457688,5.884345957515026,1.1281240136258786,0.66326752020628,1.7913915338321589,2.1,2.4,1.3536436835431143
12,1.7541162577871374,1.898671165987015,1.8023012271870964,5.832151877605195,1.1732487214161305,0.6293669493201102,1.80261567073624,2.1,2.6999999999999997,1.3399451902440909
12,1.76513619531281,1.9007727080859265,1.810348366237182,5.78215586283142,1.212930247741677,0.5984337540787864,1.811364001820463,2.1,3.0,1.3282589248791643
12,1.1363750231117202,1.4019424269720684,1.2248974910651695,2.162879129747136,0.40832935392452774,0.8139547652198936,1.2222841191444211,2.4,0.0,1.200649874821898
12,1.3240267451881595,1.602324041062899,1.4167925104797394,4.197912492639071,0.5177403441620982,0.88377156320129,1.4015119073633877,2.4,0.3,1.4461403311288177
12,1.463551338420683,1.72495215112316,1.550684942654842,5.421385188115593,0.631470953765922,0.8999520379727213,1.5314229917386422,2.4,0.6,1.5015215257034606
12,1.5551692679040074,1.7926607013776403,1.6343330790618849,5.90098358643503,0.7353942040105538,0.8823113978189486,1.6177056018295026,2.4,0.8999999999999999,1.4863518648955412
12,1.6167294188458285,1.831771289889574,1.688410042527077,6.058520630497465,0.826342310854026,0.8494435830625975,1.6757858939166235,2.4,1.2,1.4578249171056403
12,1.659896879706375,1.8556094462912653,1.7251344019013384,6.084784031284298,0.9050552499560379,0.8111652047920842,1.716220454748124,2.4,1.5,1.429880186817784
12,1.691397980339818,1.8707981876003588,1.7511980494266648,6.059679874204896,0.9731855797261552,0.7721010654481222,1.7452866451742777,2.4,1.7999999999999998,1.4056900667848284
12,1.715174260447577,1.880812333254493,1.7703869513832156,6.016612488408129,1.0324077549404334,0.7343479835504915,1.7667557384909254,2.4,2.1,1.385504116427161
12,1.7336177940761985,1.8875722647165512,1.7849359509563159,5.968753059638784,1.0841891385037814,0.6987953402840877,1.78298447878787,2.4,2.4,1.3687343574325117
12,1.7482392995878053,1.8921917997693871,1.7962234663149992,5.920831789192006,1.12975456040966,0.6657475259615226,1.7955020863711815,2.4,2.6999999999999997,1.3546621472068163
12,1.7600343465185722,1.8953498086570792,1.805139500564741,5.874380439486156,1.1701070304046735,0.6352240773323267,1.8053311077369987,2.4,3.0,1.342673028319838
12,1.1318382413413857,1.3890892780333084,1.21758858690536,2.120725803290195,0.40017991645960266,0.8148861648124955,1.2150660812720981,2.6999999999999997,0.0,1.196028949401999
12,1.3129273269884596,1.5814866115823325,1.4024470885197506,4.06708781815147,0.5020734173327057,0.8855383098725901,1.3876117272052946,2.6999999999999997,0.3,1.4379880924292494
12,1.4502784313561612,1.70405165410685,1.5348695056063908,5.317742943919701,0.6079607395633948,0.9069515800864582,1.5149123196498517,2.6999999999999997,0.6,1.5024229614618818
12,1.54253429504519,1.774568079897323,1.6198788899959007,5.858454353726028,0.7058356935138689,0.8957321528431018,1.6015678463569714,2.6999999999999997,0.8999999999999999,1.4942008510516336
12,1.6054717524877866,1.8166576562002075,1.67586705372526,6.064038986060151,0.792616261285254,0.8684941063714698,1.6611103676567243,2.6999999999999997,1.2,1.4694047155249534
12,1.6500578140527444,1.8430447198932332,1.7143867826662404,6.121508620964251,0.8686442560769182,0.834623989378245,1.7032682454551642,2.6999999999999997,1.5,1.4431797383988008
12,1.682820883159013,1.8602993824266323,1.7419803829148859,6.114592759284079,0.9351769505179557,0.7988425030689333,1.7340194535868887,2.6999999999999997,1.7999999999999998,1.4195167088920888
12,1.707673521132154,1.8719729698352423,1.7624400040331833,6.081516229445437,0.99357534826354,0.763451940614353,1.7570272888778926,2.6999999999999997,2.1,1.3992380066825003
12,1.7270341253439165,1.8800819694156468,1.7780500733678264,6.039348155041887,1.0450728878294917,0.7295402641527576,1.7746131519822477,2.6999999999999997,2.4,1.3821368490933061
12,1.742447657754531,1.8858201667805945,1.790238494096552,5.995180250546454,1.0907254320138706,0.6975785953126061,1.7883040273264765,2.6999999999999997,2.6999999999999997,1.3676980614401084
12,1.7549358451987243,1.889922891194762,1.7999315271974035,5.9516642986926875,1.1314166379685997,0.667719862112248,1.7991365000808486,2.6999999999999997,3.0,1.3553867304317708
12,1.1279249427206575,1.3783901471497435,1.2114133441970194,2.0856113686155697,0.3932856386723973,0.8156812344604171,1.2089668731328145,3.0,0.0,1.1921319827445602
12,1.3033258029733785,1.5637829871627775,1.3901448643698449,3.9544103871512633,0.48893603158277193,0.8868217531772958,1.3757577847600675,3.0,0.3,1.43047676983928
12,1.4384325755685792,1.6856818658901314,1.520849005675763,5.218115108652329,0.5881636122784469,0.9123083121172665,1.5004719243957125,3.0,0.6,1.5020027555167728
12,1.5309877526961242,1.7582551321812463,1.6067435458578316,5.808336977169457,0.6806793785184239,0.9064207388090392,1.587100117327463,3.0,0.8999999999999999,1.4999588273433213
12,1.5950095488187985,1.8027746390126493,1.6642645788834154,6.056929118132782,0.7635765714133091,0.8840941004860792,1.6476706718993888,3.0,1.2,1.4787810465738773
12,1.6407991760184801,1.8313363405883045,1.7043115642084214,6.144698816462518,0.8369410547690035,0.8542355758451092,1.6911766306141114,3.0,1.5,1.4544584179320261
12,1.6746734202204043,1.850403725906227,1.733250188782345,6.157034049325528,0.9017419722421814,0.821566555267541,1.723308527509721,3.0,1.7999999999999998,1.431609334605242
12,1.7004917595883255,1.8635577754743196,1.7548470982169901,6.135232223022845,0.9591000902204909,0.788519537095146,1.7476196273156377,3.0,2.1,1.4114848497380155
12,1.7206788650392786,1.8728780204326811,1.7714119168370792,6.099419734134083,1.0100618176597511,0.7563269786174596,1.7663887962772111,3.0,2.4,1.3941987797343098
12,1.7368045155345255,1.8796211847805526,1.784410071949868,6.0590092248576735,1.0555415830844708,0.725588212915654,1.7811297960001258,3.0,2.6999999999999997,1.379450563545483
12,1.7499150525843195,1.8845729691109088,1.7948010247598492,6.018057674970578,1.0963183053073051,0.6965627871917454,1.7928810924990506,3.0,3.0,1.3668216962276778
